rx_sign,rx_id,n_spots,n_noise_ok,n_ov_nonzero,first_spot,last_spot,n_bands,bands,noise_valid_frac,rms_noise_mean,c2_noise_mean,ov_frac,noise_usable
-999,KA9Q_0,7,7,0,2025-09-02 06:04:00,2025-12-11 08:56:00,3,20m|10m|other,1.0,-120.06,21.43,0.0,True
0,KA9Q-0,6,6,0,2026-05-19 00:42:00,2026-05-31 08:08:00,2,30m|20m,1.0,-141.72,-142.7,0.0,True
0,KA9Q_0,55,55,0,2025-09-02 00:24:00,2026-06-08 00:02:00,6,80m|40m|30m|20m|15m|other,1.0,-125.23,-124.95,0.0,True
0,KA9Q_1,1,1,0,2026-01-28 10:32:00,2026-01-28 10:32:00,1,other,1.0,-50.1,-51.2,0.0,True
0,KA9Q_2,6,6,0,2026-03-19 05:16:00,2026-06-15 04:32:00,2,40m|20m,1.0,-122.98,-123.53,0.0,True
0,KA9Q_3,2,2,0,2025-08-16 05:14:00,2025-11-29 21:46:00,2,20m|other,1.0,-125.45,-99.45,0.0,True
0,KA9Q_4,6,6,0,2025-12-04 18:38:00,2025-12-20 16:32:00,2,10m|other,1.0,-123.78,-126.63,0.0,True
0,KA9Q_KFS_OMNI,14,14,0,2025-06-05 00:42:00,2026-03-18 03:36:00,4,40m|20m|17m|other,1.0,-116.38,-104.43,0.0,True
0,KA9Q_KFS_SW,10,10,0,2026-03-11 12:26:00,2026-05-13 08:48:00,2,40m|30m,1.0,-115.54,-121.14,0.0,True
0,KIWI_0,99,99,0,2025-06-10 14:18:00,2026-05-28 12:58:00,6,40m|20m|17m|15m|10m|other,1.0,-135.9,-123.55,0.0,True
0,KIWI_1,69,69,0,2025-07-30 19:28:00,2026-05-24 12:58:00,8,160m|80m|40m|30m|20m|17m|10m|other,1.0,-127.83,-124.67,0.0,True
0,KIWI_2,4,4,0,2026-03-13 09:18:00,2026-03-13 09:18:00,1,40m,1.0,-130.4,-69.4,0.0,True
0,KIWI_77,1,1,0,2025-10-23 12:52:00,2025-10-23 12:52:00,1,15m,1.0,-152.0,-90.9,0.0,True
0,KIWI_80,3,3,0,2025-10-23 13:32:00,2025-12-28 21:56:00,3,20m|10m|other,1.0,-134.73,-73.0,0.0,True
0,KIWI_XR,4,4,0,2025-09-30 16:42:00,2025-11-23 21:46:00,2,20m|10m,1.0,-137.07,-95.62,0.0,True
0,NUT_KIWI3,1,1,0,2026-03-12 04:30:00,2026-03-12 04:30:00,1,40m,1.0,-123.9,-60.8,0.0,True
0,WEB-888,2,2,0,2026-05-19 08:58:00,2026-05-21 14:26:00,1,40m,1.0,-131.8,-130.4,0.0,True
1,KIWI_0,4,4,0,2026-04-26 13:28:00,2026-05-05 07:58:00,2,40m|20m,1.0,-142.48,-81.52,0.0,True
1,KIWI_1,4,4,0,2025-08-28 04:30:00,2026-04-28 03:28:00,3,80m|40m|30m,1.0,-126.48,-110.3,0.0,True
10,KIWI_0,1,1,0,2026-05-08 07:58:00,2026-05-08 07:58:00,1,80m,1.0,-132.8,-71.2,0.0,True
1007,KA9Q_0,1,1,0,2025-08-19 11:10:00,2025-08-19 11:10:00,1,30m,1.0,-131.9,30.0,0.0,True
1019,KA9Q_0,1,1,0,2025-12-11 10:58:00,2025-12-11 10:58:00,1,10m,1.0,-120.7,30.0,0.0,True
1022,KA9Q_0,1,1,0,2025-08-19 11:10:00,2025-08-19 11:10:00,1,30m,1.0,-131.9,30.0,0.0,True
1022,KIWI_2,1,1,0,2025-07-11 11:14:00,2025-07-11 11:14:00,1,40m,1.0,-146.8,40.0,0.0,True
1029,KIWI_2,1,1,0,2025-09-20 19:34:00,2025-09-20 19:34:00,1,20m,1.0,-134.6,20.0,0.0,True
1034,KA9Q_3,1,1,0,2025-08-08 23:32:00,2025-08-08 23:32:00,1,20m,1.0,-133.3,20.0,0.0,True
1034,KA9Q_4,1,1,0,2025-06-18 01:16:00,2025-06-18 01:16:00,1,30m,1.0,-125.7,30.0,0.0,True
1049,KA9Q_4,1,1,0,2025-06-18 02:32:00,2025-06-18 02:32:00,1,30m,1.0,-116.7,30.0,0.0,True
1071,KA9Q_0,1,1,0,2025-12-03 19:54:00,2025-12-03 19:54:00,1,other,1.0,-130.1,20.0,0.0,True
1087,WEB-888,1,1,0,2025-06-13 19:52:00,2025-06-13 19:52:00,1,20m,1.0,-152.4,20.0,0.0,True
1097,KA9Q_0,1,1,0,2025-12-11 12:22:00,2025-12-11 12:22:00,1,10m,1.0,-120.1,30.0,0.0,True
1105,KA9Q_3,1,1,0,2025-08-15 23:24:00,2025-08-15 23:24:00,1,20m,1.0,-126.5,20.0,0.0,True
1106,KA9Q-0,1,1,0,2025-06-15 15:22:00,2025-06-15 15:22:00,1,20m,1.0,-150.1,20.0,0.0,True
113,KA9Q_KFS_OMNI,1,1,0,2025-06-05 05:10:00,2025-06-05 05:10:00,1,20m,1.0,-81.2,-81.4,0.0,True
1133,KA9Q_4,1,1,0,2025-06-18 01:16:00,2025-06-18 01:16:00,1,30m,1.0,-125.7,30.0,0.0,True
1134,KIWI_2,1,1,0,2025-08-19 11:06:00,2025-08-19 11:06:00,1,20m,1.0,-132.6,20.0,0.0,True
1166,KIWIA,1,1,0,2025-07-01 09:58:00,2025-07-01 09:58:00,1,30m,1.0,-137.2,30.0,0.0,True
1180,KIWI_2,2,2,0,2025-08-19 11:06:00,2025-09-20 19:34:00,1,20m,1.0,-133.6,20.0,0.0,True
1193,KA9Q_3,1,1,0,2025-08-08 23:32:00,2025-08-08 23:32:00,1,20m,1.0,-133.3,20.0,0.0,True
1195,KA9Q_0,1,1,0,2025-12-03 19:38:00,2025-12-03 19:38:00,1,other,1.0,-128.6,20.0,0.0,True
12361,KA9Q_0,1,1,0,2025-12-11 12:22:00,2025-12-11 12:22:00,1,10m,1.0,-120.1,30.0,0.0,True
1242,WEB-888,2,2,0,2025-06-13 19:52:00,2025-06-13 19:52:00,1,20m,1.0,-152.4,20.0,0.0,True
1245,KA9Q_3,3,3,0,2025-08-15 17:26:00,2025-09-02 04:50:00,2,30m|20m,1.0,-126.93,23.33,0.0,True
1258,KA9Q-0,1,1,0,2025-06-15 15:22:00,2025-06-15 15:22:00,1,20m,1.0,-150.1,20.0,0.0,True
1313,KA9Q_3,1,1,0,2025-08-15 17:26:00,2025-08-15 17:26:00,1,20m,1.0,-129.5,20.0,0.0,True
1320,KIWI_2,1,1,0,2025-07-11 11:14:00,2025-07-11 11:14:00,1,40m,1.0,-146.8,40.0,0.0,True
1322,KA9Q_0,1,1,0,2025-12-03 19:54:00,2025-12-03 19:54:00,1,other,1.0,-130.1,20.0,0.0,True
1326,KA9Q_3,1,1,0,2025-08-15 19:06:00,2025-08-15 19:06:00,1,20m,1.0,-125.5,20.0,0.0,True
1339,KA9Q-0,1,1,0,2025-06-24 17:12:00,2025-06-24 17:12:00,1,20m,1.0,-147.7,20.0,0.0,True
1344,KIWIA,1,1,0,2025-07-01 09:58:00,2025-07-01 09:58:00,1,30m,1.0,-137.2,30.0,0.0,True
1349,KA9Q_3,1,1,0,2025-09-02 04:50:00,2025-09-02 04:50:00,1,30m,1.0,-125.8,30.0,0.0,True
13498,KIWI_0,1,1,0,2025-09-24 22:00:00,2025-09-24 22:00:00,1,15m,1.0,-133.3,-142.0,0.0,True
13658,KA9Q_0,2,2,0,2025-12-11 10:58:00,2025-12-11 12:22:00,1,10m,1.0,-120.4,30.0,0.0,True
1380,KA9Q_3,2,2,0,2025-08-15 23:24:00,2025-08-16 14:22:00,1,20m,1.0,-127.7,20.0,0.0,True
1387,KA9Q_3,3,3,0,2025-08-08 23:32:00,2025-09-02 04:50:00,2,30m|20m,1.0,-128.53,23.33,0.0,True
14005,KIWI_2,1,1,0,2025-08-19 11:06:00,2025-08-19 11:06:00,1,20m,1.0,-132.6,20.0,0.0,True
1401,KA9Q_0,1,1,0,2025-12-03 19:54:00,2025-12-03 19:54:00,1,other,1.0,-130.1,20.0,0.0,True
1410,KA9Q_3,1,1,0,2025-09-02 04:56:00,2025-09-02 04:56:00,1,40m,1.0,-125.1,40.0,0.0,True
1439,KA9Q-0,1,1,0,2025-06-24 17:12:00,2025-06-24 17:12:00,1,20m,1.0,-147.7,20.0,0.0,True
1442,KA9Q_3,1,1,0,2025-08-16 14:00:00,2025-08-16 14:00:00,1,20m,1.0,-130.1,20.0,0.0,True
1469,KA9Q_0,1,1,0,2025-12-03 20:08:00,2025-12-03 20:08:00,1,other,1.0,-130.9,15.0,0.0,True
1516,KA9Q_3,2,2,0,2025-08-15 13:26:00,2025-08-16 14:22:00,1,20m,1.0,-128.8,20.0,0.0,True
1525,KA9Q_3,3,3,0,2025-08-15 14:36:00,2025-08-16 14:00:00,1,20m,1.0,-128.5,20.0,0.0,True
1541,KA9Q_0,1,1,0,2025-12-03 19:54:00,2025-12-03 19:54:00,1,other,1.0,-130.1,20.0,0.0,True
15535,KA9Q_0,1,1,0,2025-12-11 12:22:00,2025-12-11 12:22:00,1,10m,1.0,-120.1,30.0,0.0,True
1560,KA9Q_3,1,1,0,2025-08-15 23:24:00,2025-08-15 23:24:00,1,20m,1.0,-126.5,20.0,0.0,True
1566,KA9Q_3,2,2,0,2025-08-16 14:00:00,2025-08-16 14:22:00,1,20m,1.0,-129.5,20.0,0.0,True
1584,KA9Q_3,1,1,0,2025-08-15 23:24:00,2025-08-15 23:24:00,1,20m,1.0,-126.5,20.0,0.0,True
1594,KA9Q_0,1,1,0,2025-12-11 06:38:00,2025-12-11 06:38:00,1,other,1.0,-123.4,20.0,0.0,True
1615,KA9Q_0,1,1,0,2025-12-11 08:16:00,2025-12-11 08:16:00,1,other,1.0,-123.3,20.0,0.0,True
1625,WEB-888,1,1,0,2025-06-13 19:52:00,2025-06-13 19:52:00,1,20m,1.0,-152.4,20.0,0.0,True
1630,KA9Q_3,2,2,0,2025-08-15 17:26:00,2025-09-02 04:56:00,2,40m|20m,1.0,-127.3,30.0,0.0,True
1641,WEB-888,1,1,0,2025-06-13 19:52:00,2025-06-13 19:52:00,1,20m,1.0,-152.4,20.0,0.0,True
1652,KIWI_2,2,2,0,2025-07-11 11:14:00,2025-09-20 19:02:00,2,40m|30m,1.0,-140.15,35.0,0.0,True
1674,KA9Q_3,1,1,0,2025-09-02 04:50:00,2025-09-02 04:50:00,1,30m,1.0,-125.8,30.0,0.0,True
1680,KA9Q_3,1,1,0,2025-08-15 23:24:00,2025-08-15 23:24:00,1,20m,1.0,-126.5,20.0,0.0,True
1689,KA9Q_0,1,1,0,2025-12-11 08:16:00,2025-12-11 08:16:00,1,other,1.0,-123.3,20.0,0.0,True
1707,KA9Q_3,1,1,0,2025-08-15 19:06:00,2025-08-15 19:06:00,1,20m,1.0,-125.5,20.0,0.0,True
1730,KA9Q_3,1,1,0,2025-09-02 04:56:00,2025-09-02 04:56:00,1,40m,1.0,-125.1,40.0,0.0,True
1756,KA9Q_0,1,1,0,2025-12-11 07:12:00,2025-12-11 07:12:00,1,10m,1.0,-121.2,30.0,0.0,True
1792,KA9Q-0,1,1,0,2025-06-15 15:22:00,2025-06-15 15:22:00,1,20m,1.0,-150.1,20.0,0.0,True
1807,KA9Q_0,2,2,0,2025-12-03 19:38:00,2025-12-03 20:08:00,1,other,1.0,-129.75,17.5,0.0,True
1822,KA9Q_0,1,1,0,2025-12-03 19:54:00,2025-12-03 19:54:00,1,other,1.0,-130.1,20.0,0.0,True
1843,KA9Q_0,2,2,0,2025-12-03 19:38:00,2025-12-03 19:54:00,1,other,1.0,-129.35,20.0,0.0,True
1884,KA9Q_3,1,1,0,2025-08-16 14:22:00,2025-08-16 14:22:00,1,20m,1.0,-128.9,20.0,0.0,True
1913,KA9Q_0,1,1,0,2025-12-11 12:22:00,2025-12-11 12:22:00,1,10m,1.0,-120.1,30.0,0.0,True
1930,KA9Q_0,2,2,0,2025-09-02 04:48:00,2025-09-02 06:04:00,2,30m|20m,1.0,-117.75,25.0,0.0,True
1968,KA9Q_3,1,1,0,2025-08-15 17:26:00,2025-08-15 17:26:00,1,20m,1.0,-129.5,20.0,0.0,True
1976,KA9Q_0,3,3,0,2025-12-11 04:34:00,2025-12-11 06:54:00,1,other,1.0,-123.43,20.0,0.0,True
1993,KIWIA,1,1,0,2025-07-01 09:58:00,2025-07-01 09:58:00,1,30m,1.0,-137.2,30.0,0.0,True
2,KIWI_0,3,3,0,2025-09-21 13:52:00,2026-05-04 06:58:00,2,20m|17m,1.0,-139.77,-125.2,0.0,True
2,KIWI_1,2,2,0,2025-09-17 01:30:00,2026-05-05 06:58:00,2,40m|30m,1.0,-132.3,-101.6,0.0,True
2003,KA9Q_3,1,1,0,2025-08-08 23:32:00,2025-08-08 23:32:00,1,20m,1.0,-133.3,20.0,0.0,True
2017,KIWI_2,1,1,0,2025-07-11 11:14:00,2025-07-11 11:14:00,1,40m,1.0,-146.8,40.0,0.0,True
2049,KA9Q_3,1,1,0,2025-08-15 14:36:00,2025-08-15 14:36:00,1,20m,1.0,-129.9,20.0,0.0,True
2054,KA9Q_3,2,2,0,2025-08-15 13:26:00,2025-08-15 23:24:00,1,20m,1.0,-127.6,20.0,0.0,True
2055,KIWI_2,1,1,0,2025-09-20 19:02:00,2025-09-20 19:02:00,1,30m,1.0,-133.5,30.0,0.0,True
2118,KA9Q_0,1,1,0,2025-09-02 07:44:00,2025-09-02 07:44:00,1,20m,1.0,-112.1,20.0,0.0,True
2119,KA9Q_3,1,1,0,2025-08-15 13:26:00,2025-08-15 13:26:00,1,20m,1.0,-128.7,20.0,0.0,True
2130,KA9Q_0,1,1,0,2025-08-19 11:10:00,2025-08-19 11:10:00,1,30m,1.0,-131.9,30.0,0.0,True
2194,KA9Q_3,1,1,0,2025-08-15 23:24:00,2025-08-15 23:24:00,1,20m,1.0,-126.5,20.0,0.0,True
2234,KA9Q_0,1,1,0,2025-09-02 07:44:00,2025-09-02 07:44:00,1,20m,1.0,-112.1,20.0,0.0,True
2237,KA9Q_4,2,2,0,2025-06-18 02:32:00,2025-06-18 02:32:00,1,30m,1.0,-116.7,30.0,0.0,True
2246,KA9Q_0,1,1,0,2025-12-11 06:54:00,2025-12-11 06:54:00,1,other,1.0,-123.4,20.0,0.0,True
2248,KA9Q_0,1,1,0,2025-12-11 08:16:00,2025-12-11 08:16:00,1,other,1.0,-123.3,20.0,0.0,True
2291,KA9Q-0,2,2,0,2025-06-15 15:22:00,2025-06-24 17:12:00,1,20m,1.0,-148.9,20.0,0.0,True
2292,KA9Q_0,1,1,0,2025-12-11 06:38:00,2025-12-11 06:38:00,1,other,1.0,-123.4,20.0,0.0,True
2301,KA9Q_4,1,1,0,2025-06-18 01:16:00,2025-06-18 01:16:00,1,30m,1.0,-125.7,30.0,0.0,True
2380,KIWI_2,1,1,0,2025-09-20 19:34:00,2025-09-20 19:34:00,1,20m,1.0,-134.6,20.0,0.0,True
2381,KA9Q_3,1,1,0,2025-08-15 23:24:00,2025-08-15 23:24:00,1,20m,1.0,-126.5,20.0,0.0,True
2382,KIWI_0,2,2,0,2025-09-01 16:04:00,2025-09-01 16:04:00,1,17m,1.0,-144.8,-152.5,0.0,True
2395,KA9Q_0,1,1,0,2025-12-11 08:16:00,2025-12-11 08:16:00,1,other,1.0,-123.3,20.0,0.0,True
2406,KA9Q_3,1,1,0,2025-08-15 13:26:00,2025-08-15 13:26:00,1,20m,1.0,-128.7,20.0,0.0,True
2409,KA9Q_0,1,1,0,2025-12-11 06:38:00,2025-12-11 06:38:00,1,other,1.0,-123.4,20.0,0.0,True
2426,KA9Q_0,1,1,0,2025-12-11 08:56:00,2025-12-11 08:56:00,1,10m,1.0,-121.0,30.0,0.0,True
2474,KA9Q_0,1,1,0,2025-12-11 05:34:00,2025-12-11 05:34:00,1,other,1.0,-123.4,20.0,0.0,True
2481,KA9Q_4,1,1,0,2025-06-18 01:16:00,2025-06-18 01:16:00,1,30m,1.0,-125.7,30.0,0.0,True
2516,KA9Q_0,1,1,0,2025-12-11 05:44:00,2025-12-11 05:44:00,1,other,1.0,-123.4,20.0,0.0,True
2528,KA9Q_4,1,1,0,2025-06-18 01:16:00,2025-06-18 01:16:00,1,30m,1.0,-125.7,30.0,0.0,True
2549,KA9Q_3,1,1,0,2025-09-02 04:56:00,2025-09-02 04:56:00,1,40m,1.0,-125.1,40.0,0.0,True
2576,KA9Q_0,1,1,0,2025-09-02 07:44:00,2025-09-02 07:44:00,1,20m,1.0,-112.1,20.0,0.0,True
2596,KA9Q_0,1,1,0,2025-12-11 06:54:00,2025-12-11 06:54:00,1,other,1.0,-123.4,20.0,0.0,True
2612,KA9Q_0,1,1,0,2025-12-11 06:54:00,2025-12-11 06:54:00,1,other,1.0,-123.4,20.0,0.0,True
2619,KA9Q_0,1,1,0,2025-09-02 01:30:00,2025-09-02 01:30:00,1,20m,1.0,-112.8,20.0,0.0,True
2622,KA9Q_0,2,2,0,2025-12-11 05:34:00,2025-12-11 08:56:00,2,10m|other,1.0,-122.2,25.0,0.0,True
2629,KA9Q_0,1,1,0,2025-08-19 11:10:00,2025-08-19 11:10:00,1,30m,1.0,-131.9,30.0,0.0,True
2660,KA9Q_0,1,1,0,2025-09-02 06:04:00,2025-09-02 06:04:00,1,20m,1.0,-112.9,20.0,0.0,True
2661,KA9Q-0,1,1,0,2025-06-15 15:22:00,2025-06-15 15:22:00,1,20m,1.0,-150.1,20.0,0.0,True
2669,KA9Q_0,3,3,0,2025-12-11 05:44:00,2025-12-11 06:54:00,1,other,1.0,-123.4,20.0,0.0,True
2690,KA9Q_0,3,3,0,2025-09-01 23:12:00,2025-09-02 07:44:00,2,30m|20m,1.0,-118.37,26.67,0.0,True
2695,KA9Q_0,1,1,0,2025-12-03 19:54:00,2025-12-03 19:54:00,1,other,1.0,-130.1,20.0,0.0,True
2717,KA9Q_0,1,1,0,2025-12-11 08:16:00,2025-12-11 08:16:00,1,other,1.0,-123.3,20.0,0.0,True
2719,KA9Q_0,2,2,0,2025-12-11 06:38:00,2025-12-11 08:16:00,1,other,1.0,-123.35,20.0,0.0,True
2758,KA9Q_0,3,3,0,2025-09-02 01:30:00,2025-09-02 10:34:00,1,20m,1.0,-112.83,20.0,0.0,True
2763,KA9Q_0,1,1,0,2025-09-02 07:44:00,2025-09-02 07:44:00,1,20m,1.0,-112.1,20.0,0.0,True
2778,KA9Q_0,2,2,0,2025-09-02 06:04:00,2025-09-02 07:44:00,1,20m,1.0,-112.5,20.0,0.0,True
2788,KA9Q_0,2,2,0,2025-12-11 05:44:00,2025-12-11 10:58:00,2,10m|other,1.0,-122.05,25.0,0.0,True
2800,KA9Q_0,1,1,0,2025-09-02 01:30:00,2025-09-02 01:30:00,1,20m,1.0,-112.8,20.0,0.0,True
2813,KA9Q_0,1,1,0,2025-09-02 07:44:00,2025-09-02 07:44:00,1,20m,1.0,-112.1,20.0,0.0,True
2817,KA9Q_0,1,1,0,2025-09-02 06:04:00,2025-09-02 06:04:00,1,20m,1.0,-112.9,20.0,0.0,True
2825,KA9Q_3,1,1,0,2025-08-15 13:26:00,2025-08-15 13:26:00,1,20m,1.0,-128.7,20.0,0.0,True
2827,KA9Q_0,2,2,0,2025-09-02 04:48:00,2025-09-02 10:34:00,2,30m|20m,1.0,-117.7,25.0,0.0,True
2862,KA9Q_0,2,2,0,2025-12-11 05:34:00,2025-12-11 06:54:00,1,other,1.0,-123.4,20.0,0.0,True
2870,KA9Q_0,1,1,0,2025-09-02 10:34:00,2025-09-02 10:34:00,1,20m,1.0,-112.8,20.0,0.0,True
2884,KA9Q_0,1,1,0,2025-12-11 05:44:00,2025-12-11 05:44:00,1,other,1.0,-123.4,20.0,0.0,True
2890,KA9Q_0,1,1,0,2025-12-11 06:54:00,2025-12-11 06:54:00,1,other,1.0,-123.4,20.0,0.0,True
2894,KA9Q_0,2,2,0,2025-12-11 05:44:00,2025-12-11 06:38:00,1,other,1.0,-123.4,20.0,0.0,True
2895,KIWI_2,1,1,0,2025-09-20 19:34:00,2025-09-20 19:34:00,1,20m,1.0,-134.6,20.0,0.0,True
29,KA9Q_3,1,1,0,2025-08-15 23:52:00,2025-08-15 23:52:00,1,20m,1.0,-124.8,-80.8,0.0,True
290,FLYDOG,1,1,0,2025-10-16 23:04:00,2025-10-16 23:04:00,1,630m,1.0,-118.2,630.0,0.0,True
2911,KA9Q_0,1,1,0,2025-12-11 05:44:00,2025-12-11 05:44:00,1,other,1.0,-123.4,20.0,0.0,True
292,KIWI_2,1,1,0,2025-09-20 19:02:00,2025-09-20 19:02:00,1,30m,1.0,-133.5,30.0,0.0,True
2922,KA9Q_0,2,2,0,2025-09-02 01:30:00,2025-09-02 01:30:00,1,20m,1.0,-112.8,20.0,0.0,True
2970,KA9Q_0,1,1,0,2025-09-02 10:34:00,2025-09-02 10:34:00,1,20m,1.0,-112.8,20.0,0.0,True
2987,KA9Q_0,1,1,0,2025-09-02 07:44:00,2025-09-02 07:44:00,1,20m,1.0,-112.1,20.0,0.0,True
2995,KA9Q_0,2,2,0,2025-09-02 00:32:00,2025-09-02 04:48:00,1,30m,1.0,-121.25,30.0,0.0,True
3,KIWI_1,4,4,0,2026-01-14 10:28:00,2026-05-10 05:58:00,3,80m|20m|other,1.0,-135.57,-75.68,0.0,True
3000,KA9Q_0,1,1,0,2025-12-11 05:34:00,2025-12-11 05:34:00,1,other,1.0,-123.4,20.0,0.0,True
3042,KA9Q_0,1,1,0,2025-12-03 19:38:00,2025-12-03 19:38:00,1,other,1.0,-128.6,20.0,0.0,True
3057,KA9Q_0,2,2,0,2025-09-02 01:30:00,2025-09-02 07:44:00,1,20m,1.0,-112.45,20.0,0.0,True
3110,KA9Q_0,1,1,0,2025-09-02 04:48:00,2025-09-02 04:48:00,1,30m,1.0,-122.6,30.0,0.0,True
3122,KA9Q_0,1,1,0,2025-09-02 06:04:00,2025-09-02 06:04:00,1,20m,1.0,-112.9,20.0,0.0,True
3160,KA9Q_0,1,1,0,2025-09-01 23:12:00,2025-09-01 23:12:00,1,30m,1.0,-120.4,30.0,0.0,True
3162,KA9Q_0,1,1,0,2025-09-02 07:44:00,2025-09-02 07:44:00,1,20m,1.0,-112.1,20.0,0.0,True
3170,KA9Q_0,1,1,0,2025-09-02 10:34:00,2025-09-02 10:34:00,1,20m,1.0,-112.8,20.0,0.0,True
3214,KA9Q_0,1,1,0,2025-09-02 07:44:00,2025-09-02 07:44:00,1,20m,1.0,-112.1,20.0,0.0,True
3216,KA9Q_0,1,1,0,2025-12-11 08:56:00,2025-12-11 08:56:00,1,10m,1.0,-121.0,30.0,0.0,True
336,KA9Q_KFS_OMNI,1,1,0,2025-06-05 04:48:00,2025-06-05 04:48:00,1,20m,1.0,-78.6,-80.2,0.0,True
3395,KA9Q_0,1,1,0,2025-12-03 20:08:00,2025-12-03 20:08:00,1,other,1.0,-130.9,15.0,0.0,True
3503,KA9Q_0,1,1,0,2025-09-02 01:30:00,2025-09-02 01:30:00,1,20m,1.0,-112.8,20.0,0.0,True
3518,KA9Q_0,1,1,0,2025-09-02 06:04:00,2025-09-02 06:04:00,1,20m,1.0,-112.9,20.0,0.0,True
353,FLYDOG,1,1,0,2025-07-01 10:06:00,2025-07-01 10:06:00,1,40m,1.0,-144.2,40.0,0.0,True
3574,KA9Q-0,1,1,0,2025-06-15 15:22:00,2025-06-15 15:22:00,1,20m,1.0,-150.1,20.0,0.0,True
3582,KA9Q_0,1,1,0,2025-09-02 01:30:00,2025-09-02 01:30:00,1,20m,1.0,-112.8,20.0,0.0,True
3629,KA9Q-0,1,1,0,2025-06-15 15:22:00,2025-06-15 15:22:00,1,20m,1.0,-150.1,20.0,0.0,True
3672,KA9Q_0,1,1,0,2025-09-02 01:30:00,2025-09-02 01:30:00,1,20m,1.0,-112.8,20.0,0.0,True
369,KA9Q_3,1,1,0,2025-08-15 17:52:00,2025-08-15 17:52:00,1,20m,1.0,-128.8,-83.9,0.0,True
3839,KA9Q_0,1,1,0,2025-09-02 00:32:00,2025-09-02 00:32:00,1,30m,1.0,-119.9,30.0,0.0,True
3898,KA9Q_0,1,1,0,2025-08-19 11:10:00,2025-08-19 11:10:00,1,30m,1.0,-131.9,30.0,0.0,True
398,FLYDOG,1,1,0,2025-07-01 10:06:00,2025-07-01 10:06:00,1,40m,1.0,-144.2,40.0,0.0,True
4,KA9Q_3,6,6,0,2025-08-15 14:36:00,2025-09-02 04:56:00,3,40m|30m|20m,1.0,-127.08,25.0,0.0,True
4400,KA9Q_0,1,1,0,2025-12-03 20:12:00,2025-12-03 20:12:00,1,other,1.0,-118.2,-105.1,0.0,True
4473,KIWI_0,1,1,0,2025-10-08 02:38:00,2025-10-08 02:38:00,1,20m,1.0,-128.0,-135.8,0.0,True
5,KA9Q-0,1,1,0,2025-06-10 15:52:00,2025-06-10 15:52:00,1,20m,1.0,-151.5,-49.7,0.0,True
50,KA9Q-0,1,1,0,2025-06-11 19:32:00,2025-06-11 19:32:00,1,20m,1.0,-151.1,-57.4,0.0,True
5121,KA9Q_0,2,2,0,2025-09-02 07:44:00,2025-09-02 07:44:00,1,20m,1.0,-112.1,20.0,0.0,True
5376,KA9Q-0,1,1,0,2025-06-24 17:12:00,2025-06-24 17:12:00,1,20m,1.0,-147.7,20.0,0.0,True
5462,KA9Q-0,1,1,0,2025-06-24 17:12:00,2025-06-24 17:12:00,1,20m,1.0,-147.7,20.0,0.0,True
5468,KA9Q_0,1,1,0,2025-09-02 01:30:00,2025-09-02 01:30:00,1,20m,1.0,-112.8,20.0,0.0,True
551,KIWI_2,1,1,0,2025-09-20 19:02:00,2025-09-20 19:02:00,1,30m,1.0,-133.5,30.0,0.0,True
5581,KA9Q-0,1,1,0,2025-06-15 15:22:00,2025-06-15 15:22:00,1,20m,1.0,-150.1,20.0,0.0,True
559,KIWI_2,1,1,0,2025-09-20 19:02:00,2025-09-20 19:02:00,1,30m,1.0,-133.5,30.0,0.0,True
570,KA9Q_0,1,1,0,2025-12-03 19:54:00,2025-12-03 19:54:00,1,other,1.0,-130.1,20.0,0.0,True
573,FLYDOG,1,1,0,2025-07-01 10:06:00,2025-07-01 10:06:00,1,40m,1.0,-144.2,40.0,0.0,True
575,KA9Q_0,2,2,0,2025-12-03 19:38:00,2025-12-03 19:54:00,1,other,1.0,-129.35,20.0,0.0,True
5942,KA9Q_0,1,1,0,2025-10-07 02:44:00,2025-10-07 02:44:00,1,60m,1.0,-142.4,60.0,0.0,True
6,KIWI_1,2,2,0,2026-05-10 08:28:00,2026-05-10 08:28:00,1,20m,1.0,-150.7,-88.8,0.0,True
603,FLYDOG,1,1,0,2025-07-01 10:06:00,2025-07-01 10:06:00,1,40m,1.0,-144.2,40.0,0.0,True
6051,KA9Q_0,1,1,0,2025-09-02 01:30:00,2025-09-02 01:30:00,1,20m,1.0,-112.8,20.0,0.0,True
626,KA9Q_0,1,1,0,2025-12-03 19:38:00,2025-12-03 19:38:00,1,other,1.0,-128.6,20.0,0.0,True
635,KA9Q_0,1,1,0,2025-12-03 19:38:00,2025-12-03 19:38:00,1,other,1.0,-128.6,20.0,0.0,True
645,KA9Q_0,1,1,0,2025-08-19 11:10:00,2025-08-19 11:10:00,1,30m,1.0,-131.9,30.0,0.0,True
657,FLYDOG,1,1,0,2025-07-01 10:06:00,2025-07-01 10:06:00,1,40m,1.0,-144.2,40.0,0.0,True
66,KIWI_1,2,2,0,2025-08-03 18:28:00,2025-08-03 18:28:00,1,30m,1.0,-102.0,-164.5,0.0,True
6694,KA9Q_0,1,1,0,2025-09-02 01:30:00,2025-09-02 01:30:00,1,20m,1.0,-112.8,20.0,0.0,True
67975,KIWI_1,2,2,0,2025-10-05 06:10:00,2025-10-05 06:10:00,1,40m,1.0,-125.4,-124.1,0.0,True
682,KIWI_2,1,1,0,2025-08-19 11:06:00,2025-08-19 11:06:00,1,20m,1.0,-132.6,20.0,0.0,True
7,KIWI_1,2,2,0,2026-05-09 04:28:00,2026-05-09 04:28:00,1,80m,1.0,-129.6,-69.3,0.0,True
707,KIWI_2,1,1,0,2025-08-19 11:06:00,2025-08-19 11:06:00,1,20m,1.0,-132.6,20.0,0.0,True
709,FLYDOG,1,1,0,2025-07-01 10:06:00,2025-07-01 10:06:00,1,40m,1.0,-144.2,40.0,0.0,True
71,KIWI_1,1,1,0,2025-08-03 16:58:00,2025-08-03 16:58:00,1,30m,1.0,-102.2,-164.7,0.0,True
7237,KA9Q_3,1,1,0,2025-08-15 23:24:00,2025-08-15 23:24:00,1,20m,1.0,-126.5,20.0,0.0,True
725,KA9Q_0,1,1,0,2025-12-03 19:54:00,2025-12-03 19:54:00,1,other,1.0,-130.1,20.0,0.0,True
732,KA9Q-0,1,1,0,2025-06-24 17:12:00,2025-06-24 17:12:00,1,20m,1.0,-147.7,20.0,0.0,True
732,KA9Q_0,2,2,0,2025-12-03 19:54:00,2025-12-03 19:54:00,1,other,1.0,-130.1,20.0,0.0,True
747,KA9Q_0,1,1,0,2025-12-03 19:38:00,2025-12-03 19:38:00,1,other,1.0,-128.6,20.0,0.0,True
7564,KA9Q_0,1,1,0,2025-12-03 19:18:00,2025-12-03 19:18:00,1,other,1.0,-129.6,-98.9,0.0,True
757,KIWIA,2,2,0,2025-07-01 09:58:00,2025-07-01 09:58:00,1,30m,1.0,-137.2,30.0,0.0,True
759,KIWIA,1,1,0,2025-07-01 09:58:00,2025-07-01 09:58:00,1,30m,1.0,-137.2,30.0,0.0,True
7755,KA9Q_0,1,1,0,2025-09-02 01:30:00,2025-09-02 01:30:00,1,20m,1.0,-112.8,20.0,0.0,True
781,WEB-888,1,1,0,2025-06-13 19:52:00,2025-06-13 19:52:00,1,20m,1.0,-152.4,20.0,0.0,True
802,WEB-888,1,1,0,2025-06-13 19:52:00,2025-06-13 19:52:00,1,20m,1.0,-152.4,20.0,0.0,True
8078,KA9Q_0,1,1,0,2025-09-02 04:48:00,2025-09-02 04:48:00,1,30m,1.0,-122.6,30.0,0.0,True
815,FLYDOG,1,1,0,2025-07-01 10:06:00,2025-07-01 10:06:00,1,40m,1.0,-144.2,40.0,0.0,True
824,KIWI_2,1,1,0,2025-07-11 11:14:00,2025-07-11 11:14:00,1,40m,1.0,-146.8,40.0,0.0,True
84,KIWI_1,1,1,0,2025-08-09 17:28:00,2025-08-09 17:28:00,1,10m,1.0,-119.2,-180.9,0.0,True
855,KA9Q_4,2,2,0,2025-06-18 02:32:00,2025-06-18 02:32:00,1,30m,1.0,-116.7,30.0,0.0,True
874,KA9Q_0,1,1,0,2025-12-11 10:58:00,2025-12-11 10:58:00,1,10m,1.0,-120.7,30.0,0.0,True
892,KA9Q_3,1,1,0,2025-08-15 20:44:00,2025-08-15 20:44:00,1,20m,1.0,-125.4,-89.1,0.0,True
900,KIWI_2,2,2,0,2025-07-11 11:14:00,2025-08-19 11:06:00,2,40m|20m,1.0,-139.7,30.0,0.0,True
903,KA9Q_0,1,1,0,2025-12-11 12:22:00,2025-12-11 12:22:00,1,10m,1.0,-120.1,30.0,0.0,True
907,KA9Q_0,1,1,0,2025-12-03 19:54:00,2025-12-03 19:54:00,1,other,1.0,-130.1,20.0,0.0,True
910,KIWIA,1,1,0,2025-07-01 09:58:00,2025-07-01 09:58:00,1,30m,1.0,-137.2,30.0,0.0,True
926,KIWI_2,1,1,0,2025-09-20 19:02:00,2025-09-20 19:02:00,1,30m,1.0,-133.5,30.0,0.0,True
927,KA9Q_3,1,1,0,2025-09-02 04:56:00,2025-09-02 04:56:00,1,40m,1.0,-125.1,40.0,0.0,True
948,KIWI_2,1,1,0,2025-07-11 11:14:00,2025-07-11 11:14:00,1,40m,1.0,-146.8,40.0,0.0,True
952,KA9Q-0,1,1,0,2025-06-24 17:12:00,2025-06-24 17:12:00,1,20m,1.0,-147.7,20.0,0.0,True
952,WEB-888,1,1,0,2025-06-13 19:52:00,2025-06-13 19:52:00,1,20m,1.0,-152.4,20.0,0.0,True
963,KA9Q-0,1,1,0,2025-06-15 15:22:00,2025-06-15 15:22:00,1,20m,1.0,-150.1,20.0,0.0,True
966,KA9Q_4,1,1,0,2025-06-18 01:16:00,2025-06-18 01:16:00,1,30m,1.0,-125.7,30.0,0.0,True
979,KA9Q_4,1,1,0,2025-06-18 02:32:00,2025-06-18 02:32:00,1,30m,1.0,-116.7,30.0,0.0,True
984,KA9Q_0,1,1,0,2025-12-11 12:22:00,2025-12-11 12:22:00,1,10m,1.0,-120.1,30.0,0.0,True
AB4EJ,KA9Q_0,518612,518471,295834,2025-07-30 19:08:00,2025-08-23 09:46:00,13,2200m|630m|160m|80m|60m|40m|30m|22m|20m|17m|15m|12m|10m,0.9997,-140.73,-141.52,0.5704,True
AC0G/B1,AC0G_B1,272433,0,0,2026-05-14 13:16:00,2026-05-31 06:02:00,12,630m|160m|80m|60m|40m|30m|22m|20m|17m|15m|12m|10m,0.0,,,0.0,False
AC0G/B1,KA9Q_T3FD,197847,192797,0,2026-04-19 23:20:00,2026-05-16 11:40:00,12,630m|160m|80m|60m|40m|30m|22m|20m|17m|15m|12m|10m,0.9745,-107.18,-63.64,0.0,True
AC0G/B1,bee1,517336,0,0,2026-05-31 06:04:00,2026-06-18 14:30:00,12,630m|160m|80m|60m|40m|30m|22m|20m|17m|15m|12m|10m,0.0,,,0.0,False
AC0G/B2,KA9Q_T3FD,5428133,5425715,0,2025-11-13 00:52:00,2026-06-02 19:06:00,14,2200m|630m|160m|80m|60m|40m|30m|22m|20m|17m|15m|12m|10m|other,0.9996,-127.54,-129.14,0.0,True
AC0G/B4,AC0G_B4,148261,0,0,2026-05-15 01:28:00,2026-05-30 14:44:00,13,630m|160m|80m|60m|40m|30m|22m|20m|17m|15m|12m|10m|6m,0.0,,,0.0,False
AC0G/B4,B4-100-rx888mk2,743183,0,0,2026-05-30 14:46:00,2026-06-25 00:20:00,14,2200m|630m|160m|80m|60m|40m|30m|22m|20m|17m|15m|12m|10m|6m,0.0,,,0.0,False
AC0G/B5,bee1,12712,0,0,2026-05-30 14:46:00,2026-06-01 00:28:00,12,630m|160m|80m|60m|40m|30m|22m|20m|17m|15m|12m|10m,0.0,,,0.0,False
AC0G/B6,bee2,475442,0,0,2026-05-30 14:48:00,2026-06-18 14:30:00,12,160m|80m|60m|40m|30m|22m|20m|17m|15m|12m|10m|6m,0.0,,,0.0,False
AC0G/ND,KA9Q_DXE,9733104,9731746,3985066,2025-06-01 00:00:00,2026-06-30 23:58:00,14,2200m|630m|160m|80m|60m|40m|30m|22m|20m|17m|15m|12m|10m|other,0.9999,-121.25,-107.18,0.4094,True
AC0G/S,sigma-rx888mk2,8770,0,0,2026-06-30 00:22:00,2026-06-30 23:58:00,13,630m|160m|80m|60m|40m|30m|22m|20m|17m|15m|12m|10m|6m,0.0,,,0.0,False
DC1RDB,RD_Kiwi1,396599,395816,21702,2025-06-01 00:00:00,2025-12-03 13:46:00,5,2200m|630m|160m|80m|other,0.998,-137.38,-129.46,0.0547,True
DF1DR,KIWI_1,1442379,1442379,0,2025-06-01 00:00:00,2026-01-24 19:04:00,9,80m|60m|30m|20m|17m|15m|12m|10m|other,1.0,-127.41,-126.85,0.0,True
DF1DR,KIWI_2,1959761,1959761,0,2025-06-01 00:00:00,2026-01-12 14:24:00,7,2200m|630m|160m|80m|60m|40m|other,1.0,-130.08,-129.03,0.0,True
DF4UE,KA9Q_0,635530,635445,321001,2025-07-04 09:02:00,2025-10-26 23:50:00,15,2200m|630m|160m|80m|60m|40m|30m|22m|20m|17m|15m|12m|10m|8m|6m,0.9999,-121.62,-93.5,0.5051,True
DJ2DS-1,KIWI_0,1526081,1526081,1320197,2026-03-28 10:06:00,2026-06-10 14:56:00,11,2200m|630m|160m|80m|60m|40m|30m|20m|17m|15m|10m,1.0,-121.46,-121.37,0.8651,True
DJ2DS-1,KIWI_1,469603,469603,135788,2026-03-31 10:52:00,2026-06-10 14:56:00,8,80m|60m|22m|20m|17m|15m|12m|10m,1.0,-138.61,-138.22,0.2892,True
DJ2DS/1,KIWI_0,367995,367995,363986,2026-06-10 15:02:00,2026-06-30 23:58:00,6,630m|160m|80m|60m|40m|30m,1.0,-117.58,-116.97,0.9891,True
DJ2DS/1,KIWI_1,285462,285462,42219,2026-06-10 15:02:00,2026-06-30 23:58:00,7,60m|22m|20m|17m|15m|12m|10m,1.0,-138.29,-137.92,0.1479,True
DO6LSM,DO6LSM_1,446147,446147,59316,2025-06-06 09:34:00,2026-06-26 09:38:00,9,80m|40m|30m|20m|17m|15m|12m|10m|other,1.0,-140.54,-139.71,0.133,True
DP0GVN,KA9Q_0,1771135,1770947,156419,2025-06-01 00:00:00,2026-05-16 07:44:00,14,2200m|630m|160m|80m|60m|40m|30m|22m|20m|17m|15m|12m|10m|other,0.9999,-143.84,-125.12,0.0883,True
EA8/DF4UE,KA9Q_0,7363345,7362921,706591,2025-06-01 00:00:00,2026-03-18 11:28:00,15,2200m|630m|160m|80m|60m|40m|30m|22m|20m|17m|15m|12m|10m|6m|other,0.9999,-128.38,-108.22,0.096,True
EA8/DF4UE,KA9Q_1,31829,31829,14274,2025-06-13 17:34:00,2025-09-08 16:26:00,11,160m|80m|60m|40m|30m|20m|17m|15m|12m|10m|6m,1.0,-125.07,-86.19,0.4485,True
EA8/DF4UE,KIWI_2,15761,15758,148,2025-06-02 17:42:00,2025-06-03 07:24:00,10,160m|80m|60m|40m|30m|20m|17m|15m|12m|10m,0.9998,-124.57,-149.12,0.0094,True
EA8/DF4UE,KIWI_40,39606,39597,468,2025-06-01 00:00:00,2025-06-03 07:08:00,11,630m|160m|80m|60m|40m|30m|20m|17m|15m|12m|10m,0.9998,-134.95,-128.73,0.0118,True
EA8/DF4UE,KIWI_76,4128689,4128492,1355390,2025-06-03 13:40:00,2026-03-18 11:28:00,14,2200m|630m|160m|80m|60m|40m|30m|22m|20m|17m|15m|12m|10m|other,1.0,-130.7,-95.9,0.3283,True
EA8/DF4UE,KIWI_77,3140113,3139934,293796,2025-06-03 13:08:00,2026-03-18 11:28:00,14,2200m|630m|160m|80m|60m|40m|30m|22m|20m|17m|15m|12m|10m|other,0.9999,-140.12,-99.07,0.0936,True
EA8/DF4UE,KIWI_R,2276314,2276135,313990,2025-06-03 12:44:00,2025-09-19 11:02:00,14,2200m|630m|160m|80m|60m|40m|30m|22m|20m|17m|15m|12m|10m|6m,0.9999,-123.71,-148.18,0.1379,True
EA8/DF4UR,KIWI_LZ,73952,73940,20208,2025-06-01 00:00:00,2025-06-03 07:24:00,11,630m|160m|80m|60m|40m|30m|20m|17m|15m|12m|10m,0.9998,-133.1,-137.48,0.2733,True
EA8/LA3JJ,KA9Q_0,26218,26218,24,2025-12-12 23:22:00,2025-12-13 19:24:00,2,10m|other,1.0,-127.02,-128.37,0.0009,True
EA8/LA3JJ,KIWI_0,6395,6395,0,2025-12-09 13:12:00,2025-12-13 19:24:00,2,10m|other,1.0,-138.49,-77.19,0.0,True
EA8BFK,KA9Q_0,6509599,6509568,443933,2025-09-13 03:56:00,2026-02-25 14:30:00,13,630m|160m|80m|60m|40m|30m|22m|20m|17m|15m|12m|10m|other,1.0,-126.68,-124.06,0.0682,True
EA8BFK,KIWI_80,7507541,7507368,868613,2025-06-01 00:00:00,2026-01-08 19:38:00,14,2200m|630m|160m|80m|60m|40m|30m|22m|20m|17m|15m|12m|10m|other,1.0,-131.07,-123.51,0.1157,True
EA8BFK,KIWI_LZ,1736296,1736230,142762,2025-06-01 00:00:00,2025-09-15 10:02:00,13,2200m|630m|160m|80m|60m|40m|30m|22m|20m|17m|15m|12m|10m,1.0,-136.43,-134.09,0.0822,True
EA8BFK,KIWI_XR,6301443,6301407,56762,2025-09-21 10:40:00,2026-02-25 14:30:00,13,2200m|630m|160m|80m|60m|40m|30m|20m|17m|15m|12m|10m|other,1.0,-146.41,-93.98,0.009,True
EA8BFK,KIWI_XR7,1730136,1730066,9408,2025-06-01 02:58:00,2025-09-15 10:02:00,13,2200m|630m|160m|80m|60m|40m|30m|22m|20m|17m|15m|12m|10m,1.0,-139.87,-137.87,0.0054,True
F4VTQ,KA9Q_0,5822548,5818829,2545821,2025-06-01 00:00:00,2026-03-30 13:32:00,14,2200m|630m|160m|80m|60m|40m|30m|22m|20m|17m|15m|12m|10m|other,0.9994,-138.86,-74.43,0.4372,True
F4VTQ/K,KIWI_0,2701469,2701469,859000,2025-06-01 00:00:00,2026-06-30 23:58:00,11,160m|80m|60m|40m|30m|20m|17m|15m|12m|10m|other,1.0,-122.2,-126.61,0.318,True
F4VTQ/S,KA9Q_1,2119760,2116443,0,2025-06-01 00:00:00,2026-04-02 15:36:00,13,2200m|630m|160m|80m|60m|40m|30m|20m|17m|15m|12m|10m|other,0.9984,-108.7,-110.54,0.0,True
F4VTQ/T,KA9Q_2,656731,655198,0,2026-04-05 21:48:00,2026-06-02 08:32:00,10,160m|80m|60m|40m|30m|20m|17m|15m|12m|10m,0.9977,-65.89,-68.13,0.0,True
G3VGZ,WEB888_0,1233908,1233908,0,2026-02-05 03:20:00,2026-06-30 23:58:00,8,80m|30m|20m|17m|15m|12m|10m|other,1.0,-144.79,-84.1,0.0,True
G3WIP,KA9Q_0,1,1,0,2026-03-13 14:18:00,2026-03-13 14:18:00,1,80m,1.0,-128.2,-129.6,0.0,True
G3ZIL,KA9Q_0,1211352,1209434,20328,2025-08-02 17:12:00,2026-02-23 07:20:00,14,2200m|630m|160m|80m|60m|40m|30m|22m|20m|17m|15m|12m|10m|other,0.9984,-121.57,-121.44,0.0168,True
G3ZIL,KIWI_1,1684981,1684102,39892,2026-01-31 11:34:00,2026-04-12 14:06:00,12,2200m|630m|160m|80m|60m|40m|30m|20m|17m|15m|10m|other,0.9995,-127.59,-68.29,0.0237,True
G3ZIL/A,KA9Q_0,1119514,1119328,0,2026-03-03 12:26:00,2026-06-04 08:50:00,13,2200m|630m|160m|80m|60m|40m|30m|22m|20m|17m|15m|12m|10m,0.9998,-116.68,-119.15,0.0,True
G3ZIL1,KIWI_1,208586,208586,1749,2026-01-14 12:24:00,2026-01-31 11:14:00,2,10m|other,1.0,-132.69,-72.49,0.0084,True
G3ZIL_K,KIWI_1,104,104,0,2026-01-10 13:46:00,2026-01-10 13:56:00,2,10m|other,1.0,-123.31,-62.37,0.0,True
G4HZX,KA9Q_0,12103696,12101702,1152793,2025-06-01 00:00:00,2026-06-30 23:58:00,13,2200m|630m|160m|80m|60m|40m|30m|20m|17m|15m|12m|10m|other,0.9998,-132.85,-135.24,0.0952,True
G4HZX/L,KA9Q_0,16605,16598,0,2026-04-08 19:44:00,2026-04-09 14:32:00,12,2200m|630m|160m|80m|60m|40m|30m|20m|17m|15m|12m|10m,0.9996,-121.24,-123.43,0.0,True
G4ZFQ,G4ZFQ_1,2651505,2651489,174507,2025-06-01 00:00:00,2026-06-30 23:58:00,7,30m|20m|17m|15m|12m|10m|other,1.0,-135.1,-129.83,0.0658,True
G4ZFQ,KA9Q_0,10633971,10628120,2747381,2025-06-01 00:00:00,2026-06-30 23:58:00,16,2200m|630m|160m|80m|60m|40m|30m|22m|20m|17m|15m|12m|10m|8m|6m|other,0.9994,-135.27,-101.16,0.2584,True
G4ZFQ2,G4ZFQ_1,656,656,26,2026-05-31 10:44:00,2026-06-12 11:10:00,6,30m|20m|17m|15m|12m|10m,1.0,-136.88,-137.17,0.0396,True
G4ZFQ2,KA9Q_0,2877,2877,0,2026-05-31 10:44:00,2026-06-12 11:14:00,10,160m|80m|60m|40m|30m|20m|17m|15m|12m|10m,1.0,-133.45,-135.64,0.0,True
G6JTB,KIWI_0,428869,428398,15012,2026-02-28 19:24:00,2026-04-11 07:22:00,10,2200m|630m|160m|80m|60m|40m|30m|20m|15m|10m,0.9989,-138.87,-77.99,0.035,True
G6JTB,KIWI_1,327773,327656,30755,2026-02-28 21:44:00,2026-04-11 07:20:00,10,2200m|630m|160m|60m|30m|20m|17m|15m|12m|10m,0.9996,-132.87,-72.39,0.0938,True
G8AOE,KIWI_0,2242806,2242806,447752,2026-01-10 23:34:00,2026-06-30 23:58:00,7,2200m|630m|160m|80m|40m|10m|other,1.0,-137.24,-76.34,0.1996,True
GB0PSC,KA9Q_0,4208632,4206458,0,2026-01-31 11:16:00,2026-06-30 23:58:00,15,2200m|630m|160m|80m|60m|40m|30m|22m|20m|17m|15m|12m|10m|6m|other,0.9995,-127.31,-129.71,0.0,True
GM0UDL,FLYDOG,446074,446074,8,2025-06-01 00:02:00,2025-10-20 04:40:00,12,2200m|630m|160m|80m|60m|40m|30m|20m|17m|15m|12m|10m,1.0,-141.45,-124.95,0.0,True
GM0UDL,KA9Q_0,372139,372139,52561,2025-06-01 00:00:00,2025-10-19 21:38:00,6,630m|160m|80m|60m|40m|30m,1.0,-134.54,-81.14,0.1412,True
GM0UDL,KIWIA,331788,331788,651,2025-06-01 00:00:00,2025-10-20 04:40:00,3,30m|17m|12m,1.0,-140.92,-126.83,0.002,True
GM0UDL,KIWIB,648933,648933,12799,2025-06-01 00:00:00,2025-10-20 04:42:00,3,20m|15m|10m,1.0,-134.98,-144.36,0.0197,True
GM0UDL,KIWIC,80988,80988,3719,2025-06-01 00:00:00,2025-10-20 04:40:00,2,80m|60m,1.0,-125.51,-149.16,0.0459,True
GM0UDL,RASP,484581,484576,308,2025-06-01 00:00:00,2025-10-20 04:38:00,1,40m,1.0,-125.12,-149.25,0.0006,True
HB9GZW,HB9GZW_1,5530592,5530592,396998,2025-06-01 00:00:00,2026-02-23 02:12:00,9,80m|40m|30m|20m|17m|15m|12m|10m|other,1.0,-133.34,-134.08,0.0718,True
HB9TMC,kiwi,4320450,4320208,205373,2025-06-01 00:00:00,2025-10-26 23:54:00,7,40m|30m|20m|17m|15m|12m|10m,0.9999,-100.88,-107.87,0.0475,True
HB9TMC,kiwi2,761420,760461,98191,2025-06-01 00:00:00,2025-10-26 23:54:00,5,2200m|630m|160m|80m|60m,0.9987,-98.53,-101.13,0.129,True
HB9TMC,kiwi5,477,469,21,2025-06-05 05:36:00,2025-10-26 20:06:00,1,22m,0.9832,-103.7,-102.62,0.044,True
HB9VQQ/KE,KIWI_B,1853712,1853712,32342,2026-05-04 23:50:00,2026-06-30 23:58:00,6,80m|40m|30m|20m|15m|10m,1.0,-141.93,-141.47,0.0174,True
HB9VQQ/RE,KA9Q_2,2152052,2152052,0,2026-05-05 06:26:00,2026-06-30 23:58:00,13,2200m|630m|160m|80m|60m|40m|30m|20m|17m|15m|12m|10m|6m,1.0,-134.68,-137.49,0.0,True
HB9VQQ/RL,KA9Q_0,2275916,2275916,0,2026-05-04 20:52:00,2026-06-30 23:58:00,12,2200m|630m|160m|80m|60m|40m|30m|20m|17m|15m|12m|10m,1.0,-120.45,-123.36,0.0,True
HB9VQQ/RS,KA9Q_1,2376511,2376511,0,2026-05-04 21:22:00,2026-06-30 23:58:00,13,2200m|630m|160m|80m|60m|40m|30m|20m|17m|15m|12m|10m|6m,1.0,-120.65,-124.35,0.0,True
IK0XFA,KIWI_0,113249,113232,12711,2025-06-06 19:32:00,2025-07-21 19:16:00,5,2200m|630m|160m|80m|60m,0.9998,-132.18,-130.68,0.1122,True
IK0XFA,KIWI_1,1516386,1515896,167598,2025-06-06 19:32:00,2026-06-26 07:54:00,13,2200m|630m|160m|80m|60m|40m|30m|20m|17m|15m|12m|10m|other,0.9997,-132.22,-102.99,0.1105,True
IK0XFA,KIWI_2,3239414,3239095,250435,2025-12-28 22:06:00,2026-06-26 07:56:00,8,40m|30m|22m|20m|17m|15m|10m|other,0.9999,-130.6,-70.56,0.0773,True
IO91WM,KA9Q_0,33,32,0,2026-03-15 02:08:00,2026-03-15 13:15:00,3,160m|80m|40m,0.9697,-121.8,-123.51,0.0,True
JG3HGD/SDR1,KIWI_0,2487,1096,207,2025-12-01 08:36:00,2026-06-30 20:18:00,3,2200m|10m|other,0.4407,-117.24,-57.51,0.0832,False
JG3HGD/SDR2,KIWI_0,746,711,192,2026-02-12 14:30:00,2026-02-20 11:20:00,2,630m|other,0.9531,-121.12,-60.06,0.2574,True
JG3HGD/SDR5,KA9Q_0,76099,75787,3419,2025-10-10 08:32:00,2026-06-30 21:28:00,11,2200m|630m|160m|40m|30m|20m|17m|15m|12m|10m|other,0.9959,-108.19,-110.23,0.0449,True
K2MFF,KA9Q_0,2565829,2564075,160776,2025-06-05 22:56:00,2026-02-26 05:58:00,15,2200m|630m|160m|80m|60m|40m|30m|22m|20m|17m|15m|12m|10m|6m|other,0.9993,-126.91,-116.86,0.0627,True
K3DFD,KA9Q_0,370178,370149,0,2026-05-23 01:10:00,2026-06-30 23:58:00,13,2200m|630m|160m|80m|60m|40m|30m|22m|20m|17m|15m|12m|10m,0.9999,-118.07,-120.14,0.0,True
K3GMQ-A,KA9Q_0,404343,403876,4344,2025-11-25 11:16:00,2025-12-13 08:02:00,2,10m|other,0.9988,-132.27,-133.88,0.0107,True
K3GMQ-B,KA9Q_0,6511341,6509778,5375,2025-11-23 12:18:00,2026-06-06 07:54:00,14,2200m|630m|160m|80m|60m|40m|30m|22m|20m|17m|15m|12m|10m|other,0.9998,-145.34,-146.9,0.0008,True
K3GMQ/B,KA9Q_0,1269107,1268757,0,2025-09-27 01:12:00,2025-10-26 23:56:00,13,2200m|630m|160m|80m|60m|40m|30m|22m|20m|17m|15m|12m|10m,0.9997,-148.97,-134.4,0.0,True
K3LR,KA9Q_0,10779219,10737665,318029,2025-07-25 11:02:00,2026-06-30 23:58:00,15,2200m|630m|160m|80m|60m|40m|30m|22m|20m|17m|15m|12m|10m|6m|other,0.9961,-130.56,-113.92,0.0295,True
K5MO,KIWI_0,1424403,1424403,191034,2025-06-01 00:00:00,2026-02-23 02:12:00,8,630m|80m|40m|30m|15m|12m|10m|other,1.0,-135.78,-134.84,0.1341,True
K5MO,KIWI_1,3401728,3401728,372786,2025-06-01 00:00:00,2026-02-23 02:12:00,9,160m|60m|40m|30m|22m|20m|17m|10m|other,1.0,-130.12,-128.89,0.1096,True
K6FOD,K6FOD_BBAI1,2788277,2776525,131784,2025-06-01 00:00:00,2026-06-30 23:58:00,8,80m|40m|30m|20m|17m|15m|10m|other,0.9958,-129.54,-104.24,0.0473,True
K6FOD,KA9Q_0,2840885,2816082,553197,2025-06-01 00:00:00,2026-06-30 23:58:00,14,2200m|630m|160m|80m|60m|40m|30m|22m|20m|17m|15m|12m|10m|other,0.9913,-132.95,-123.47,0.1947,True
K6FOD-1,KA9Q_0,192860,192825,4258,2025-08-04 19:30:00,2025-09-19 19:56:00,12,2200m|630m|160m|80m|60m|40m|30m|20m|17m|15m|12m|10m,0.9998,-110.4,-89.09,0.0221,True
K6FOD-2,KA9Q_0,192212,192154,21472,2025-08-05 01:32:00,2025-09-13 21:44:00,13,2200m|630m|160m|80m|60m|40m|30m|22m|20m|17m|15m|12m|10m,0.9997,-146.45,-49.79,0.1117,True
K6RFT,KIWI_0,8275053,8274074,16171,2025-06-01 00:00:00,2026-02-23 02:12:00,10,630m|160m|40m|30m|20m|17m|15m|12m|10m|other,0.9999,-143.05,-141.51,0.002,True
K6VZK,KIWI_0,168,31,16,2025-06-07 12:15:00,2026-06-27 12:15:00,2,2200m|other,0.1845,-129.6,-108.14,0.0952,False
K6VZK,KIWI_1,218333,218273,20490,2025-06-01 01:50:00,2026-06-30 23:56:00,3,630m|80m|other,0.9997,-139.69,-97.91,0.0938,True
K6VZK,KIWI_10,1845609,1845569,137634,2025-06-01 00:00:00,2026-06-30 23:58:00,3,15m|10m|other,1.0,-142.99,-106.69,0.0746,True
K6VZK,KIWI_11,387759,387736,37631,2025-06-01 00:00:00,2026-06-30 14:42:00,2,12m|other,0.9999,-143.86,-111.04,0.097,True
K6VZK,KIWI_12,679738,679701,71702,2025-06-01 00:00:00,2026-06-30 14:42:00,2,10m|other,0.9999,-146.53,-110.53,0.1055,True
K6VZK,KIWI_2,199025,198871,26767,2025-06-01 02:28:00,2026-06-30 23:40:00,3,160m|60m|other,0.9992,-135.02,-95.83,0.1345,True
K6VZK,KIWI_3,1094511,1094453,120008,2025-06-01 00:04:00,2026-06-30 14:42:00,3,80m|60m|other,0.9999,-134.83,-93.67,0.1096,True
K6VZK,KIWI_4,770379,770332,10394,2025-06-01 11:16:00,2026-06-30 23:58:00,3,60m|40m|other,0.9999,-139.52,-104.25,0.0135,True
K6VZK,KIWI_5,677607,677491,57725,2025-06-01 11:54:00,2026-06-30 12:24:00,4,60m|30m|10m|other,0.9998,-141.33,-109.47,0.0852,True
K6VZK,KIWI_6,4963940,4963512,423960,2025-06-01 00:00:00,2026-06-30 23:58:00,3,40m|20m|other,0.9999,-133.79,-95.97,0.0854,True
K6VZK,KIWI_7,3008014,3007554,195939,2025-06-01 00:00:00,2026-06-30 23:58:00,4,30m|17m|10m|other,0.9998,-136.64,-99.89,0.0651,True
K6VZK,KIWI_8,4202713,4202425,318298,2025-06-01 00:00:00,2026-06-30 23:58:00,3,20m|15m|other,0.9999,-138.31,-102.34,0.0757,True
K6VZK,KIWI_9,1544706,1544652,136205,2025-06-01 00:00:00,2026-06-30 23:58:00,3,17m|12m|other,1.0,-139.15,-102.45,0.0882,True
K7BIZ,KIWI_0,448731,448709,9928,2025-06-02 04:10:00,2026-01-11 11:30:00,12,2200m|630m|160m|80m|40m|30m|20m|17m|15m|12m|10m|other,1.0,-122.42,-128.57,0.0221,True
K8NVH,KA9Q_0,262531,262510,112292,2025-11-23 12:18:00,2026-06-30 23:50:00,9,80m|40m|20m|17m|15m|12m|10m|6m|other,0.9999,-109.88,-111.3,0.4277,True
K8NVH/Y,KIWI_1,838729,838690,7593,2025-11-23 12:18:00,2026-02-23 02:10:00,6,20m|17m|15m|12m|10m|other,1.0,-145.43,-144.55,0.0091,True
K9DZT,K9DZT_1,3792078,2053030,21702,2025-06-01 00:00:00,2026-06-30 23:58:00,8,80m|40m|30m|20m|17m|15m|12m|10m,0.5414,-137.28,-83.91,0.0057,True
K9TRV,KA9Q_0,12921288,12914499,1441100,2025-06-01 00:00:00,2026-06-30 23:58:00,15,2200m|630m|160m|80m|60m|40m|30m|22m|20m|17m|15m|12m|10m|6m|other,0.9995,-138.03,-121.65,0.1115,True
K9TRV-2,KA9Q_0,13973055,13965176,2493122,2025-06-01 15:32:00,2026-06-30 23:58:00,15,2200m|630m|160m|80m|60m|40m|30m|22m|20m|17m|15m|12m|10m|6m|other,0.9994,-133.32,-117.49,0.1784,True
K9TRV-3,KA9Q_0,29710,29679,18710,2025-06-01 15:35:00,2025-07-23 19:54:00,12,630m|160m|80m|60m|40m|30m|22m|20m|17m|15m|12m|10m,0.999,-137.03,-68.11,0.6298,True
K9TRV-4,KA9Q_0,12755512,12749745,1432845,2025-07-28 19:12:00,2026-06-30 23:58:00,15,2200m|630m|160m|80m|60m|40m|30m|22m|20m|17m|15m|12m|10m|6m|other,0.9995,-130.29,-117.29,0.1123,True
K9TRV-5,KA9Q_0,4354320,4353653,27,2026-01-14 15:22:00,2026-06-30 23:58:00,15,2200m|630m|160m|80m|60m|40m|30m|22m|20m|17m|15m|12m|10m|6m|other,0.9998,-131.31,-132.86,0.0,True
KA7OEI-9,KIWI_0,1456770,1456770,50622,2025-06-01 00:00:00,2026-02-23 02:08:00,7,20m|17m|15m|12m|10m|6m|other,1.0,-133.43,-143.31,0.0347,True
KA7OEI-9,KIWI_1,1877103,1877103,105004,2025-06-01 00:00:00,2026-02-23 02:12:00,7,160m|80m|60m|40m|30m|10m|other,1.0,-129.35,-128.77,0.0559,True
KC2G,KA9Q_0,11931056,11927584,1156219,2025-06-01 00:00:00,2026-06-30 23:58:00,15,2200m|630m|160m|80m|60m|40m|30m|22m|20m|17m|15m|12m|10m|6m|other,0.9997,-143.41,-122.69,0.0969,True
KD2OM,BE,126008,125559,24836,2026-01-12 20:50:00,2026-06-05 19:26:00,3,2200m|630m|other,0.9964,-132.14,-79.24,0.1971,True
KD2OM,KA9Q-0,8717086,8715213,393334,2025-06-01 00:00:00,2026-06-30 23:58:00,13,2200m|630m|160m|80m|60m|40m|30m|20m|17m|15m|12m|10m|other,0.9998,-139.74,-125.63,0.0451,True
KD2OM,KIWI,5404,5227,1382,2026-06-17 09:15:00,2026-06-30 10:15:00,2,2200m|630m,0.9672,-125.86,-122.63,0.2557,True
KD2OM,WEB-888,11716224,11713735,0,2025-06-01 00:00:00,2026-06-30 23:58:00,13,2200m|630m|160m|80m|60m|40m|30m|20m|17m|15m|12m|10m|other,0.9998,-141.99,-110.85,0.0,True
KD3CKD,KA9Q_0,1,1,0,2026-05-07 19:38:00,2026-05-07 19:38:00,1,40m,1.0,-154.3,-156.6,0.0,True
KD7EFG,KA9Q_0,15469049,15466643,3519860,2025-06-01 00:00:00,2026-06-30 23:58:00,15,2200m|630m|160m|80m|60m|40m|30m|22m|20m|17m|15m|12m|10m|6m|other,0.9998,-125.45,-124.44,0.2275,True
KD7EFG-1,NUT_KIWI1,4977909,4977476,658034,2025-06-01 00:00:00,2026-06-30 23:58:00,7,630m|30m|17m|15m|12m|10m|other,0.9999,-144.09,-106.45,0.1322,True
KD7EFG-1,NUT_KIWI2,8221143,8218574,1200484,2025-06-01 00:00:00,2026-06-30 23:58:00,7,2200m|160m|80m|60m|40m|20m|other,0.9997,-132.71,-107.2,0.146,True
KD7EFG-1,NUT_KIWI3,8416871,8416325,97130,2025-06-01 00:00:00,2026-06-30 23:58:00,7,40m|20m|17m|15m|12m|10m|other,0.9999,-131.98,-91.93,0.0115,True
KD7EFG-1,NUT_KIWI4,1203091,1202936,345292,2025-06-01 00:00:00,2026-06-30 23:58:00,3,80m|22m|other,0.9999,-119.4,-90.12,0.287,True
KD7EFG-1,NUT_KIWI5,2680708,2680371,47671,2025-06-01 00:00:00,2026-06-30 23:58:00,5,80m|60m|30m|10m|other,0.9999,-126.93,-83.47,0.0178,True
KD7EFG-1,NUT_KIWI6,8972672,8971915,394533,2025-06-01 00:00:00,2026-06-30 23:58:00,7,30m|20m|17m|15m|12m|10m|other,0.9999,-126.95,-97.65,0.044,True
KE2FDW,KA9Q_0,10555708,10552579,1945923,2025-06-12 21:08:00,2026-06-12 21:40:00,14,2200m|630m|160m|80m|60m|40m|30m|22m|20m|17m|15m|12m|10m|other,0.9997,-133.62,-113.04,0.1843,True
KF6ZEO,KIWI_0,2001492,2001038,64406,2025-06-01 00:00:00,2026-06-30 23:58:00,8,80m|40m|30m|20m|17m|15m|10m|other,0.9998,-127.49,-77.77,0.0322,True
KF6ZEO,KIWI_1,37291,37226,1422,2025-06-01 00:04:00,2026-06-30 23:56:00,3,60m|12m|other,0.9983,-136.39,-83.55,0.0381,True
KFS/A,KA9Q_KFS_AIRSPY,207,205,0,2025-06-06 19:44:00,2025-07-14 15:56:00,1,10m,0.9903,-87.99,-132.81,0.0,True
KFS/NW,KA9Q_KFS_NW,5582341,5581826,53819,2025-06-01 00:00:00,2026-06-30 23:58:00,12,160m|80m|60m|40m|30m|22m|20m|17m|15m|12m|10m|other,0.9999,-132.39,-131.17,0.0096,True
KFS/O,KA9Q_0,4790514,4790512,696139,2025-06-01 00:00:00,2026-04-16 00:14:00,9,160m|80m|40m|30m|20m|17m|15m|12m|10m,1.0,-127.47,-102.61,0.1453,True
KFS/OMNI,KA9Q_KFS_OMNI,14615081,14554646,511911,2025-06-01 00:00:00,2026-06-30 23:58:00,12,160m|80m|60m|40m|30m|22m|20m|17m|15m|12m|10m|other,0.9959,-125.92,-117.56,0.035,True
KFS/S,KA9Q_KFS_SDRPLAY,115596,115593,0,2025-07-18 20:52:00,2025-10-26 06:50:00,1,10m,1.0,-100.49,-110.7,0.0,True
KFS/SE,KA9Q_KFS_SE,10972504,10969974,2241769,2025-06-01 00:00:00,2026-06-30 23:58:00,12,160m|80m|60m|40m|30m|22m|20m|17m|15m|12m|10m|other,0.9998,-115.09,-113.56,0.2043,True
KFS/SW,KA9Q_KFS_SW,3030880,3001536,208460,2025-06-01 00:00:00,2026-06-30 23:58:00,12,160m|80m|60m|40m|30m|22m|20m|17m|15m|12m|10m|other,0.9903,-122.02,-120.41,0.0688,True
KJ5HY,KA9Q_0,3604239,3602748,0,2025-06-03 12:40:00,2025-11-11 09:40:00,13,630m|160m|80m|60m|40m|30m|22m|20m|17m|15m|12m|10m|other,0.9996,-142.82,-144.2,0.0,True
KJ6MKI,KA9Q_0,9810525,9809494,354726,2025-06-01 15:58:00,2026-06-30 23:58:00,15,2200m|630m|160m|80m|60m|40m|30m|22m|20m|17m|15m|12m|10m|6m|other,0.9999,-121.7,-120.51,0.0362,True
KK7IXU,KA9Q_0,9122325,9121323,1424776,2025-06-01 00:00:00,2026-06-30 23:58:00,14,2200m|630m|160m|80m|60m|40m|30m|22m|20m|17m|15m|12m|10m|other,0.9999,-134.78,-119.66,0.1562,True
KK7SB,KA9Q_0,363282,363260,0,2026-02-26 20:34:00,2026-04-13 22:32:00,11,160m|80m|60m|40m|30m|22m|20m|17m|15m|12m|10m,0.9999,-141.35,-143.34,0.0,True
KM0R,KA9Q_0,1801666,1801566,1045,2025-12-11 01:45:00,2026-06-30 23:58:00,14,2200m|630m|160m|80m|60m|40m|30m|22m|20m|17m|15m|12m|10m|other,0.9999,-137.68,-140.46,0.0006,True
KP4MD,KIWI_0,5865743,5865360,74744,2025-06-01 00:00:00,2026-06-30 23:58:00,12,630m|160m|80m|60m|40m|30m|20m|17m|15m|12m|10m|other,0.9999,-137.34,-108.02,0.0127,True
KPH,KA9Q_1,434429,434385,0,2026-02-15 16:36:00,2026-02-23 04:50:00,13,160m|80m|60m|40m|30m|22m|20m|17m|15m|12m|10m|6m|other,0.9999,-109.24,-111.48,0.0,True
KPH,KIWI_72,16627,16363,3625,2026-02-03 02:20:00,2026-02-23 09:34:00,3,2200m|630m|other,0.9841,-129.87,-67.12,0.218,True
KPH1,KA9Q_1,5293156,5067335,1843812,2025-06-01 00:00:00,2026-02-03 02:00:00,15,2200m|630m|160m|80m|60m|40m|30m|22m|20m|17m|15m|12m|10m|6m|other,0.9573,-74.7,-89.51,0.3483,True
KPH1,KIWI_72,77635,77026,14277,2025-06-01 01:10:00,2026-03-18 04:56:00,4,2200m|630m|40m|other,0.9922,-134.58,-110.71,0.1839,True
KPH2,KA9Q_2,9591926,9590986,1706161,2025-06-01 00:00:00,2026-06-30 23:58:00,15,2200m|630m|160m|80m|60m|40m|30m|22m|20m|17m|15m|12m|10m|6m|other,0.9999,-130.0,-127.41,0.1779,True
KPH2,KIWI_72_2,20111,19452,12109,2026-03-18 05:04:00,2026-06-30 12:22:00,2,2200m|630m,0.9672,-131.42,-128.24,0.6021,True
KV0S,KA9Q_0,8770001,8769175,2266898,2025-06-01 00:00:00,2026-06-30 23:58:00,14,2200m|630m|160m|80m|60m|40m|30m|22m|20m|17m|15m|12m|10m|other,0.9999,-124.5,-110.27,0.2585,True
KX4AZ/T,KA9Q_0,11290811,11285287,1295142,2025-06-02 12:26:00,2026-06-30 23:58:00,13,630m|160m|80m|60m|40m|30m|22m|20m|17m|15m|12m|10m|other,0.9995,-131.02,-116.47,0.1147,True
KX4AZ/T,KIWI_1,3113986,3113904,38283,2025-06-02 12:26:00,2026-06-30 23:58:00,4,60m|22m|20m|other,1.0,-141.03,-104.21,0.0123,True
KX4AZ/T,KIWI_2,9927138,9927033,2047441,2025-06-02 12:26:00,2026-06-30 23:58:00,10,630m|160m|80m|60m|40m|30m|20m|17m|10m|other,1.0,-135.82,-92.11,0.2062,True
KX4O,KIWI_1,3548578,3548578,118306,2025-06-01 00:00:00,2026-06-30 23:58:00,7,2200m|630m|160m|80m|60m|40m|other,1.0,-139.7,-100.04,0.0333,True
KX4O,KIWI_2,6291607,6291607,254454,2025-06-01 00:00:00,2026-06-30 23:58:00,7,30m|20m|17m|15m|12m|10m|other,1.0,-144.81,-112.11,0.0404,True
N0EMP,KA9Q_0,32236,32235,0,2026-02-02 21:42:00,2026-02-03 19:22:00,2,10m|other,1.0,-131.08,-133.72,0.0,True
N0EMP,KA9Q_1,93888,93660,42103,2025-06-01 00:00:00,2025-06-05 20:22:00,12,630m|160m|80m|60m|40m|30m|22m|20m|17m|15m|12m|10m,0.9976,-127.06,-76.65,0.4484,True
N1CL,KIWI_0,6,3,0,2025-08-09 07:06:00,2026-02-03 14:15:00,2,2200m|other,0.5,-106.27,-105.37,0.0,True
N1CL,KIWI_1,14893,14889,1365,2025-06-01 05:44:00,2026-02-23 01:22:00,2,630m|other,0.9997,-124.65,-123.48,0.0917,True
N1CL,KIWI_10,290825,290809,29654,2025-06-01 00:00:00,2026-02-23 02:12:00,2,15m|other,0.9999,-120.9,-120.34,0.102,True
N1CL,KIWI_11,124569,124559,13565,2025-06-01 00:00:00,2026-02-23 01:36:00,2,12m|other,0.9999,-119.64,-119.03,0.1089,True
N1CL,KIWI_12,42862,42855,4272,2025-06-01 00:00:00,2026-02-23 01:46:00,2,10m|other,0.9998,-119.99,-119.28,0.0997,True
N1CL,KIWI_13,7433,7430,1099,2025-06-01 04:28:00,2026-02-22 11:20:00,2,80m|other,0.9996,-126.33,-125.09,0.1479,True
N1CL,KIWI_2,18916,18910,1764,2025-06-01 03:52:00,2026-02-23 02:04:00,2,160m|other,0.9997,-126.15,-125.4,0.0933,True
N1CL,KIWI_3,264705,264687,26548,2025-06-01 00:00:00,2026-02-23 02:12:00,2,80m|other,0.9999,-126.21,-125.13,0.1003,True
N1CL,KIWI_4,5379,5375,684,2025-06-05 06:22:00,2026-02-23 02:00:00,2,60m|other,0.9993,-130.52,-128.77,0.1272,True
N1CL,KIWI_5,1013,1007,138,2025-06-05 03:30:00,2026-02-21 14:30:00,2,60m|other,0.9941,-130.02,-128.24,0.1362,True
N1CL,KIWI_6,958922,958746,100341,2025-06-01 00:00:00,2026-02-23 02:12:00,2,40m|other,0.9998,-129.59,-128.16,0.1046,True
N1CL,KIWI_7,1120600,1120368,155875,2025-06-01 00:00:00,2026-02-23 02:12:00,2,30m|10m,0.9998,-132.71,-131.65,0.1391,True
N1CL,KIWI_8,1803289,1803125,234682,2025-06-01 00:00:00,2026-02-23 02:10:00,2,20m|other,0.9999,-133.45,-132.28,0.1301,True
N1CL,KIWI_9,403674,403654,44671,2025-06-01 00:00:00,2026-02-23 02:04:00,2,17m|other,1.0,-126.25,-125.7,0.1107,True
N1DQ-1,KA9Q_0,2093611,2093512,2307,2025-11-23 12:18:00,2026-06-23 00:04:00,14,2200m|630m|160m|80m|60m|40m|30m|22m|20m|17m|15m|12m|10m|other,1.0,-123.97,-125.58,0.0011,True
N2YCH,KA9Q_0,9449868,9448373,383744,2025-06-01 00:00:00,2026-06-30 23:58:00,15,2200m|630m|160m|80m|60m|40m|30m|22m|20m|17m|15m|12m|10m|6m|other,0.9998,-129.35,-126.52,0.0406,True
N2YCH,KA9Q_1,11858925,11856226,1165529,2025-06-01 00:00:00,2026-05-30 14:38:00,15,2200m|630m|160m|80m|60m|40m|30m|22m|20m|17m|15m|12m|10m|6m|other,0.9998,-115.83,-107.49,0.0983,True
N2YCH,KIWI_0,8132748,8132065,6094,2025-06-01 00:00:00,2026-05-30 19:30:00,8,80m|40m|30m|20m|15m|12m|10m|other,0.9999,-144.11,-107.88,0.0007,True
N2YCH,KIWI_1,5315761,5315488,6679,2025-06-01 00:00:00,2026-05-30 11:54:00,8,160m|80m|40m|30m|15m|12m|10m|other,0.9999,-125.94,-87.16,0.0013,True
N2YCH,KIWI_2,6656862,6655879,13906,2025-06-01 00:00:00,2026-06-30 23:58:00,8,30m|22m|20m|17m|15m|12m|10m|other,0.9999,-138.55,-107.91,0.0021,True
N2YCH,KIWI_3,1152013,1151942,5618,2025-06-01 01:14:00,2026-06-30 23:58:00,8,2200m|630m|160m|80m|60m|40m|20m|10m,0.9999,-125.78,-120.4,0.0049,True
N2YCH,WEB888,9207702,9205615,0,2025-06-01 00:00:00,2026-05-31 01:02:00,13,2200m|630m|160m|80m|60m|40m|30m|20m|17m|15m|12m|10m|other,0.9998,-141.63,-103.1,0.0,True
N2YCH-1,KA9Q_1,12690498,12687482,1104710,2025-06-01 00:00:00,2026-05-30 14:38:00,15,2200m|630m|160m|80m|60m|40m|30m|22m|20m|17m|15m|12m|10m|6m|other,0.9998,-115.27,-107.69,0.0871,True
N2YCH-1,KIWI_2,2169217,2168663,2285,2025-06-01 00:00:00,2026-05-30 00:50:00,2,30m|10m,0.9997,-127.4,-104.79,0.0011,True
N3AGE,KA9Q_0,897156,896521,391700,2025-06-01 00:00:00,2025-07-16 17:18:00,14,2200m|630m|160m|80m|60m|40m|30m|22m|20m|17m|15m|12m|10m|6m,0.9993,-118.2,-88.94,0.4366,True
N3AGE-0,KA9Q_0,6192566,6190812,247871,2025-07-30 12:26:00,2026-06-30 23:58:00,15,2200m|630m|160m|80m|60m|40m|30m|22m|20m|17m|15m|12m|10m|6m|other,0.9997,-122.42,-115.28,0.04,True
N3AGE-2,KA9Q_1,11244540,11238787,1728550,2025-06-01 00:00:00,2026-06-30 23:58:00,15,2200m|630m|160m|80m|60m|40m|30m|22m|20m|17m|15m|12m|10m|6m|other,0.9995,-122.65,-112.38,0.1537,True
N3AGE-4,KA9Q_4,10313312,10291144,723805,2025-06-01 00:00:00,2026-06-30 23:58:00,16,2200m|630m|160m|80m|60m|40m|30m|22m|20m|17m|15m|12m|10m|8m|6m|other,0.9979,-120.23,-110.04,0.0702,True
N4RVE,KA9Q_0,8184532,8183411,5943946,2025-06-01 00:00:00,2026-03-28 22:24:00,15,2200m|630m|160m|80m|60m|40m|30m|22m|20m|17m|15m|12m|10m|6m|other,0.9999,-129.36,-102.94,0.7262,True
N5TNL,KA9Q_0,4498474,4497241,560301,2025-06-02 01:10:00,2026-06-30 23:58:00,14,2200m|630m|160m|80m|60m|40m|30m|22m|20m|17m|15m|12m|10m|other,0.9997,-130.5,-117.86,0.1246,True
N6GN/K,GN2,7522,7515,0,2025-06-01 00:02:00,2025-06-09 04:12:00,10,630m|160m|80m|40m|30m|20m|17m|15m|12m|10m,0.9991,-141.71,-139.84,0.0,True
N6GN3,KA9Q_3,6761382,6755664,1472770,2025-06-01 00:00:00,2026-02-15 22:58:00,15,2200m|630m|160m|80m|60m|40m|30m|22m|20m|17m|15m|12m|10m|6m|other,0.9992,-125.04,-100.22,0.2178,True
N6GN4,KA9Q_4,11630400,11627721,1674938,2025-06-01 00:00:00,2026-06-30 23:58:00,15,2200m|630m|160m|80m|60m|40m|30m|22m|20m|17m|15m|12m|10m|6m|other,0.9998,-125.47,-111.32,0.144,True
N6GN5,KA9Q_0,6412370,6412111,0,2026-01-24 03:36:00,2026-06-30 23:58:00,15,2200m|630m|160m|80m|60m|40m|30m|22m|20m|17m|15m|12m|10m|6m|other,1.0,-129.93,-132.46,0.0,True
N6GN5,KA9Q_5,5329394,5327985,326748,2025-06-09 00:46:00,2026-01-22 20:26:00,15,2200m|630m|160m|80m|60m|40m|30m|22m|20m|17m|15m|12m|10m|6m|other,0.9997,-134.71,-97.66,0.0613,True
N7VVX,KA9Q_0,380434,380405,0,2026-04-12 13:40:00,2026-06-05 23:10:00,14,2200m|630m|160m|80m|60m|40m|30m|22m|20m|17m|15m|12m|10m|6m,0.9999,-122.84,-125.14,0.0,True
N7VVX,KIWI_0,135868,135857,13268,2026-03-14 15:46:00,2026-04-11 22:02:00,9,630m|80m|40m|30m|20m|17m|15m|12m|10m,0.9999,-134.68,-83.46,0.0977,True
N8GA,KA9Q_0,5993484,5988016,5302662,2025-06-01 00:00:00,2026-02-23 02:00:00,14,2200m|630m|160m|80m|60m|40m|30m|22m|20m|17m|15m|12m|10m|other,0.9991,-132.86,-84.28,0.8847,True
N8GA-1,KA9Q_0,2821747,2816325,2260067,2025-06-01 00:00:00,2026-02-07 06:10:00,14,2200m|630m|160m|80m|60m|40m|30m|22m|20m|17m|15m|12m|10m|other,0.9981,-128.18,-129.5,0.8009,True
NY4Q,KA9Q_0,1100711,1100013,1062435,2025-06-01 00:00:00,2025-08-06 04:38:00,13,2200m|630m|160m|80m|60m|40m|30m|22m|20m|17m|15m|12m|10m,0.9994,-133.75,-84.11,0.9652,True
OE3GBB,KIWI_0,35,35,0,2025-06-30 21:30:00,2025-06-30 21:32:00,1,40m,1.0,-129.94,-149.32,0.0,True
OE3GBB,KIWI_1,14,14,0,2025-06-30 21:30:00,2025-06-30 21:32:00,2,160m|80m,1.0,-118.09,-150.72,0.0,True
OE3GBB/K,KIWI_0,279072,279072,3430,2025-10-19 13:06:00,2025-12-16 16:14:00,9,80m|60m|40m|30m|20m|17m|15m|10m|other,1.0,-137.46,-78.18,0.0123,True
OE3GBB/KIWI,KIWI_0,2853798,2853637,0,2026-01-13 09:34:00,2026-06-09 11:58:00,13,160m|80m|60m|40m|30m|20m|17m|15m|12m|10m|8m|6m|other,0.9999,-138.18,-129.49,0.0,True
OE3GBB/P,KA9Q_0,1972303,1972235,0,2026-05-21 14:18:00,2026-06-30 23:58:00,15,2200m|630m|160m|80m|60m|40m|30m|22m|20m|17m|15m|12m|10m|8m|6m,1.0,-133.2,-136.01,0.0,True
OE3GBB/Q,KA9Q_0,11256426,11248551,6269,2025-10-04 11:52:00,2026-06-30 23:58:00,16,2200m|630m|160m|80m|60m|40m|30m|22m|20m|17m|15m|12m|10m|8m|6m|other,0.9993,-130.0,-133.26,0.0006,True
OE3GBB/Q2,KA9Q_0,972932,972668,784,2025-09-26 22:46:00,2025-12-27 10:44:00,16,2200m|630m|160m|80m|60m|40m|30m|22m|20m|17m|15m|12m|10m|8m|6m|other,0.9997,-127.94,-119.39,0.0008,True
OE3GBB_P,KA9Q_0,99,99,0,2026-05-21 13:32:00,2026-05-21 13:36:00,6,60m|40m|30m|20m|17m|15m,1.0,-134.03,-135.64,0.0,True
OE3TKR,KIWI_0,905932,905804,603603,2025-06-01 00:00:00,2025-08-13 18:36:00,6,630m|160m|80m|60m|40m|20m,0.9999,-109.68,-169.57,0.6663,True
OE3TKR,KIWI_1,655231,655125,248477,2025-06-01 00:00:00,2025-08-13 18:36:00,7,40m|30m|20m|17m|15m|12m|10m,0.9998,-105.96,-166.46,0.3792,True
OE3XOE,KIWI_0,4859082,4858897,0,2025-07-01 12:24:00,2026-01-13 09:30:00,13,160m|80m|60m|40m|30m|20m|17m|15m|12m|10m|8m|6m|other,1.0,-140.17,-115.74,0.0,True
OE9GHV,KIWI_0,4054123,4054084,19197,2025-06-01 00:00:00,2026-06-30 23:58:00,5,160m|80m|60m|40m|other,1.0,-143.11,-142.54,0.0047,True
OE9GHV,KIWI_1,5259558,5258475,41768,2025-06-01 00:00:00,2026-06-30 23:58:00,9,2200m|630m|30m|20m|17m|15m|12m|10m|other,0.9998,-149.03,-149.28,0.0079,True
OE9GHV,KIWI_2,6248834,6248782,4663398,2025-06-01 00:00:00,2026-06-30 23:58:00,5,160m|80m|60m|40m|other,1.0,-135.5,-133.97,0.7463,True
OE9GHV,KIWI_3,7435072,7434985,4734625,2025-06-01 00:00:00,2026-06-30 23:58:00,7,30m|20m|17m|15m|12m|10m|other,1.0,-144.27,-144.32,0.6368,True
OE9GHV,KIWI_5,10102110,10100726,235886,2025-06-01 00:00:00,2026-06-30 23:58:00,13,2200m|630m|160m|80m|60m|40m|30m|20m|17m|15m|12m|10m|other,0.9999,-141.38,-141.41,0.0234,True
OE9GHV,KIWI_7,9076446,9076293,38005,2025-06-01 00:00:00,2026-06-30 23:58:00,8,40m|30m|20m|17m|15m|12m|10m|other,1.0,-142.67,-143.09,0.0042,True
OE9XRV,40m,3686042,3686042,221449,2025-10-18 16:02:00,2026-06-04 12:54:00,7,80m|60m|40m|30m|20m|10m|other,1.0,-138.99,-78.69,0.0601,True
OE9XRV,lp5,2312226,2312226,10544,2025-10-18 16:02:00,2026-06-04 12:54:00,8,40m|30m|20m|17m|15m|12m|10m|other,1.0,-143.36,-83.32,0.0046,True
OH3AA,KIWI_0,268364,268364,3149,2025-06-01 00:00:00,2025-07-01 14:26:00,1,20m,1.0,-148.95,-148.41,0.0117,True
ON4WVC,RX0,584690,584690,25610,2025-06-09 14:48:00,2026-05-13 18:46:00,8,160m|60m|40m|30m|20m|17m|15m|other,1.0,-106.18,-167.19,0.0438,True
ON5KQ,KA9Q_1,9499902,9495255,989312,2025-06-01 00:00:00,2026-06-19 18:36:00,14,2200m|630m|160m|80m|60m|40m|30m|22m|20m|17m|15m|12m|10m|other,0.9995,-127.02,-117.34,0.1041,True
ON5KQ,KA9Q_2,8392253,8389545,1442117,2025-06-01 00:00:00,2026-06-19 18:36:00,14,2200m|630m|160m|80m|60m|40m|30m|22m|20m|17m|15m|12m|10m|other,0.9997,-126.96,-120.34,0.1718,True
ON5KQ,KA9Q_3,2260013,2259633,1126375,2025-07-06 13:44:00,2025-10-15 11:30:00,13,2200m|630m|160m|80m|60m|40m|30m|22m|20m|17m|15m|12m|10m,0.9998,-129.02,-95.66,0.4984,True
ON5KQ,KA9Q_4,1615879,1615786,919931,2025-07-06 17:02:00,2025-10-15 17:40:00,13,2200m|630m|160m|80m|60m|40m|30m|22m|20m|17m|15m|12m|10m,0.9999,-130.05,-93.31,0.5693,True
ON5KQ,KIWI_1,5928135,5926783,620073,2025-06-01 00:00:00,2026-06-19 18:36:00,13,2200m|630m|160m|80m|60m|40m|30m|20m|17m|15m|12m|10m|other,0.9998,-136.16,-110.43,0.1046,True
ON5KQ,KIWI_2,7247522,7242689,717514,2025-06-01 00:00:00,2026-06-19 18:36:00,13,2200m|630m|160m|80m|60m|40m|30m|20m|17m|15m|12m|10m|other,0.9993,-139.25,-109.87,0.099,True
ON5KQ,KIWI_3,6560616,6558074,619824,2025-06-01 00:00:00,2026-06-19 18:36:00,13,2200m|630m|160m|80m|60m|40m|30m|20m|17m|15m|12m|10m|other,0.9996,-138.79,-105.46,0.0945,True
ON5KQ,KIWI_4,9508268,9508139,1422197,2025-06-01 00:00:00,2026-06-19 18:36:00,12,630m|160m|80m|60m|40m|30m|20m|17m|15m|12m|10m|other,1.0,-137.84,-119.62,0.1496,True
ON5KQ,KIWI_5,5651666,5651537,148895,2025-06-01 00:00:00,2026-06-19 18:36:00,12,630m|160m|80m|60m|40m|30m|20m|17m|15m|12m|10m|other,1.0,-143.48,-111.63,0.0263,True
ON5KQ,KIWI_6,6324564,6324460,671066,2025-06-02 11:16:00,2026-06-19 18:36:00,12,630m|160m|80m|60m|40m|30m|20m|17m|15m|12m|10m|other,1.0,-140.56,-112.33,0.1061,True
PA0SIM,KA9Q_WSP,278,236,0,2026-03-27 07:34:00,2026-03-27 09:08:00,6,160m|80m|60m|40m|30m|20m,0.8489,-67.68,-67.39,0.0,True
PD0OHW,KIWI_0,8086775,8077692,1647079,2025-06-01 00:00:00,2026-06-30 23:58:00,7,2200m|630m|160m|80m|60m|40m|other,0.9989,-126.92,-103.08,0.2037,True
PD0OHW,KIWI_1,9835508,9835131,1172851,2025-06-01 00:00:00,2026-06-30 23:58:00,8,30m|22m|20m|17m|15m|12m|10m|other,1.0,-133.9,-117.16,0.1192,True
PE0MJX,KA9Q_WSP,10404523,10368867,4653131,2025-06-01 00:00:00,2026-04-22 12:30:00,13,630m|160m|80m|60m|40m|30m|22m|20m|17m|15m|12m|10m|other,0.9966,-133.28,-135.67,0.4472,True
PI4RSZ,PI4RSZ_1,3394982,3394982,445618,2025-06-26 12:08:00,2026-02-23 02:12:00,8,60m|40m|30m|20m|17m|15m|10m|other,1.0,-128.19,-140.12,0.1313,True
PLANB/SWL,KIWI_0,3037784,3037765,7034,2025-11-06 17:20:00,2026-06-30 23:58:00,10,160m|80m|40m|30m|22m|20m|17m|15m|10m|other,1.0,-130.95,-69.74,0.0023,True
PT2FHC,KA9Q_0,2117504,2117266,1054060,2025-06-01 00:00:00,2026-04-24 11:18:00,14,2200m|630m|160m|80m|60m|40m|30m|22m|20m|17m|15m|12m|10m|other,0.9999,-130.31,-100.9,0.4978,True
PT2FHC,KIWI_UBERSDR,81468,81464,0,2026-04-24 14:58:00,2026-05-28 13:52:00,9,80m|60m|40m|30m|20m|17m|15m|12m|10m,1.0,-110.07,-115.78,0.0,True
PT2TST,KIWI_UBERSDR,27478,27475,0,2026-05-08 13:36:00,2026-05-14 22:12:00,9,80m|60m|40m|30m|20m|17m|15m|12m|10m,0.9999,-121.97,-119.74,0.0,True
SM0GNS,kiwi1,3690,3690,254,2026-02-14 13:12:00,2026-02-15 13:42:00,2,10m|other,1.0,-129.43,-69.11,0.0688,True
SWL-FM19IF,KA9Q_0,24326,24324,0,2026-01-20 01:34:00,2026-02-12 04:22:00,2,10m|other,0.9999,-127.31,-129.0,0.0,True
UACNJ,KA9Q_0,11281227,11228117,1445739,2025-07-16 23:06:00,2026-06-30 23:58:00,14,2200m|630m|160m|80m|60m|40m|30m|22m|20m|17m|15m|12m|10m|other,0.9953,-147.74,-120.05,0.1282,True
VK3CHR,KA9Q_0,114898,114884,0,2026-02-12 11:08:00,2026-06-21 00:38:00,11,160m|80m|60m|40m|30m|20m|17m|15m|12m|10m|other,0.9999,-141.91,-143.76,0.0,True
VK4TMZ,KA9Q_0,14,14,0,2025-10-22 05:16:00,2025-10-22 05:28:00,1,20m,1.0,-93.71,-66.88,0.0,True
VK4TMZ,KA9Q_0_WSPR,117779,111738,0,2025-10-22 05:36:00,2025-11-29 00:04:00,9,80m|40m|30m|20m|17m|15m|12m|10m|other,0.9487,-67.08,-74.98,0.0,True
VK5ARG,KA9Q_0,7987811,7987462,153405,2025-08-24 05:28:00,2026-06-30 23:58:00,12,160m|80m|60m|40m|30m|22m|20m|17m|15m|12m|10m|other,1.0,-135.58,-101.98,0.0192,True
VK5ARG-2,KA9Q_0,1393,1393,0,2025-08-23 01:28:00,2025-08-24 05:08:00,10,160m|80m|40m|30m|22m|20m|17m|15m|12m|10m,1.0,-130.67,-96.57,0.0,True
VK5EI,KA9Q_0,437977,82994,0,2026-03-20 12:14:00,2026-06-30 23:58:00,6,160m|40m|22m|20m|10m|6m,0.1895,-55.36,-52.36,0.0,False
VK5QI,KA9Q_0,248651,248333,51599,2025-06-01 00:00:00,2025-08-23 01:18:00,12,2200m|630m|160m|80m|60m|40m|30m|20m|17m|15m|12m|10m,0.9987,-129.24,-126.96,0.2075,True
VK6KCH,KIWI_0,10622,10620,0,2026-06-11 14:28:00,2026-06-30 21:32:00,2,160m|40m,0.9998,-147.16,-147.0,0.0,True
VK6KCH,KIWI_1,245,245,0,2026-06-13 09:10:00,2026-06-29 14:24:00,1,630m,1.0,-146.36,-145.27,0.0,True
VK6KCH,KIWI_2,82,1,0,2026-06-15 08:50:00,2026-06-30 12:40:00,1,2200m,0.0122,-140.0,-137.4,0.0,False
VK7JJ,KA9Q_0,1285683,1285636,249286,2025-06-01 00:00:00,2026-06-30 23:58:00,12,160m|80m|60m|40m|30m|22m|20m|17m|15m|12m|10m|6m,1.0,-134.92,-127.48,0.1939,True
VK7JJ,KA9Q_1,351194,351194,270015,2025-06-01 00:00:00,2025-09-02 07:48:00,11,630m|160m|80m|60m|40m|30m|20m|17m|15m|12m|10m,1.0,-133.66,-96.89,0.7688,True
VK7JJ,KIWI_0,935054,935017,8897,2025-06-01 00:00:00,2026-06-30 23:58:00,8,80m|40m|30m|20m|17m|15m|12m|10m,1.0,-142.41,-140.48,0.0095,True
VK7JJ,KIWI_1,340932,340932,97394,2025-06-01 00:00:00,2026-06-03 01:34:00,8,80m|40m|30m|20m|17m|15m|12m|10m,1.0,-137.9,-136.56,0.2857,True
VY0ERC,KA9Q_0,1152016,1151849,322933,2025-06-01 00:00:00,2026-06-30 23:58:00,14,2200m|630m|160m|80m|60m|40m|30m|22m|20m|17m|15m|12m|10m|other,0.9999,-138.08,-97.25,0.2803,True
W0CWA/K,CWA1,5464751,5464113,160382,2025-07-02 22:02:00,2026-06-30 23:58:00,8,80m|40m|30m|20m|17m|15m|10m|other,0.9999,-133.89,-95.59,0.0293,True
W0WWV,KA9Q_0,4197945,4197676,6,2025-12-02 20:48:00,2026-06-30 23:58:00,15,2200m|630m|160m|80m|60m|40m|30m|22m|20m|17m|15m|12m|10m|6m|other,0.9999,-130.51,-132.28,0.0,True
W1CK,KIWI_0,5092242,5091806,1612242,2026-01-02 07:00:00,2026-06-30 23:58:00,12,2200m|630m|160m|80m|40m|30m|20m|17m|15m|12m|10m|other,0.9999,-139.08,-78.44,0.3166,True
W1CK-1,KIWI_1,2442076,2441878,1389504,2026-01-02 06:54:00,2026-06-30 23:58:00,12,2200m|630m|160m|80m|40m|30m|20m|17m|15m|12m|10m|other,0.9999,-140.53,-79.69,0.569,True
W1EUJ,KA9Q_0,5388344,5387506,26148,2025-09-29 01:50:00,2026-06-30 23:58:00,15,2200m|630m|160m|80m|60m|40m|30m|22m|20m|17m|15m|12m|10m|6m|other,0.9998,-132.27,-131.16,0.0049,True
W1PJE,KA9Q_0,2094803,2094688,0,2026-03-04 13:00:00,2026-06-17 23:58:00,14,2200m|630m|160m|80m|60m|40m|30m|22m|20m|17m|15m|12m|10m|6m,0.9999,-124.2,-126.1,0.0,True
W1VK,KIWI_0,78921,78906,14902,2025-06-01 00:00:00,2025-06-08 19:24:00,5,630m|160m|80m|60m|40m,0.9998,-110.02,-169.61,0.1888,True
W1VK,KIWI_1,85015,85015,20902,2025-06-01 00:00:00,2025-06-08 19:24:00,6,30m|20m|17m|15m|12m|10m,1.0,-102.66,-167.69,0.2459,True
W1XP,KA9Q_0,2906855,2906551,0,2026-03-17 14:20:00,2026-06-30 23:56:00,14,2200m|630m|160m|80m|60m|40m|30m|22m|20m|17m|15m|12m|10m|6m,0.9999,-137.01,-138.52,0.0,True
W2KGY,KA9Q_0,4987814,4789000,189427,2025-06-01 00:00:00,2026-06-09 14:58:00,15,2200m|630m|160m|80m|60m|40m|30m|22m|20m|17m|15m|12m|10m|6m|other,0.9601,-70.16,-71.61,0.038,True
W2NAF-2,KA9Q_0,1580794,1580584,0,2026-05-03 17:30:00,2026-06-30 23:58:00,14,2200m|630m|160m|80m|60m|40m|30m|22m|20m|17m|15m|12m|10m|6m,0.9999,-143.1,-144.31,0.0,True
W2NAF-3,KA9Q_0,205,205,0,2026-04-27 01:48:00,2026-05-03 06:24:00,4,40m|30m|20m|17m,1.0,-155.9,-157.87,0.0,True
W3ENR,BOTTLEBRANCH,491491,100127,185755,2025-06-01 00:00:00,2025-06-22 07:24:00,13,2200m|630m|160m|80m|60m|40m|30m|22m|20m|17m|15m|12m|10m,0.2037,-56.53,-51.14,0.3779,False
W3ENR,BURLEYMAN,97775,20477,5476,2025-06-04 23:02:00,2025-06-22 07:24:00,13,2200m|630m|160m|80m|60m|40m|30m|22m|20m|17m|15m|12m|10m,0.2094,-56.02,-50.9,0.056,False
W3PM,INVL,174872,174806,4559,2025-06-01 00:00:00,2025-12-28 13:10:00,12,630m|160m|80m|60m|40m|30m|20m|17m|15m|12m|10m|other,0.9996,-141.17,-119.29,0.0261,True
W3PM,KA9Q_0,6007106,6003500,732257,2025-06-01 00:00:00,2026-06-28 23:52:00,14,2200m|630m|160m|80m|60m|40m|30m|22m|20m|17m|15m|12m|10m|other,0.9994,-138.25,-131.46,0.1219,True
W3PM,KIWI_0,168072,168018,8271,2026-04-12 14:54:00,2026-06-25 21:46:00,13,2200m|630m|160m|80m|60m|40m|30m|22m|20m|17m|15m|12m|10m,0.9997,-148.61,-146.66,0.0492,True
W3PM,KIWI_1,224399,224368,18806,2025-07-05 16:10:00,2026-06-25 21:46:00,12,2200m|630m|160m|80m|40m|30m|22m|20m|17m|15m|12m|10m,0.9999,-143.68,-142.46,0.0838,True
W3PM,LOOP,30278,30277,0,2025-08-21 15:58:00,2025-08-22 14:56:00,9,630m|40m|30m|22m|20m|17m|15m|12m|10m,1.0,-147.38,-145.75,0.0,True
W3POG,KA9Q_0,8,0,0,2026-03-09 00:54:00,2026-03-09 00:56:00,5,80m|60m|40m|20m|17m,0.0,,,0.0,False
W3USR,KA9Q_0,306356,306319,0,2026-02-14 01:10:00,2026-05-01 20:00:00,14,2200m|630m|160m|80m|60m|40m|30m|22m|20m|17m|15m|12m|10m|other,0.9999,-120.0,-121.95,0.0,True
W3USR-1,KA9Q_0,2006728,2006362,0,2026-02-19 17:18:00,2026-06-09 10:22:00,16,2200m|630m|160m|80m|60m|40m|30m|22m|20m|17m|15m|12m|10m|8m|6m|other,0.9998,-120.09,-122.06,0.0,True
W4ATV,KA9Q_0,161,161,0,2025-10-16 19:46:00,2025-10-16 19:50:00,8,40m|30m|22m|20m|17m|15m|12m|10m,1.0,-145.02,-143.99,0.0,True
W4ATV,KIWI_0,27377,27365,167,2025-07-05 16:10:00,2026-06-26 12:44:00,6,2200m|630m|160m|80m|60m|40m,0.9996,-141.16,-139.28,0.0061,True
W4ATV,KIWI_1,30144,30143,3136,2026-04-11 14:02:00,2026-06-26 12:46:00,8,40m|30m|22m|20m|17m|15m|12m|10m,1.0,-143.9,-142.62,0.104,True
W7WKR-1,KA9Q_0,1010456,1006225,0,2026-03-12 05:46:00,2026-06-30 23:58:00,13,2200m|630m|160m|80m|60m|40m|30m|22m|20m|17m|15m|12m|10m,0.9958,-118.66,-120.46,0.0,True
W7WKR-2,KA9Q_0,6658314,6657741,1647620,2025-07-22 23:22:00,2026-06-30 23:58:00,15,2200m|630m|160m|80m|60m|40m|30m|22m|20m|17m|15m|12m|10m|6m|other,0.9999,-126.81,-112.95,0.2475,True
W7WKR-K1,KIWI_0,5339691,5339533,664946,2025-06-01 00:00:00,2026-06-30 23:58:00,8,80m|40m|30m|20m|17m|15m|10m|other,1.0,-135.93,-116.1,0.1245,True
W7WKR-K2,KA9Q_0,619649,619369,538163,2025-06-17 23:32:00,2025-07-22 23:16:00,12,160m|80m|60m|40m|30m|22m|20m|17m|15m|12m|10m|6m,0.9995,-123.86,-85.52,0.8685,True
WA2N,KA9Q_0,289981,289981,0,2026-03-13 03:20:00,2026-03-21 20:28:00,11,630m|160m|80m|60m|40m|30m|20m|17m|15m|12m|10m,1.0,-128.81,-130.8,0.0,True
WA2N,KIWI_0,9213874,9213874,381661,2025-06-01 00:00:00,2026-06-30 23:58:00,12,630m|160m|80m|60m|40m|30m|20m|17m|15m|12m|10m|other,1.0,-136.46,-133.79,0.0414,True
WA2N,KIWI_1,30048,30048,2801,2025-06-01 00:38:00,2026-06-30 23:44:00,2,60m|other,1.0,-133.2,-129.44,0.0932,True
WA2N,KIWI_2,28757,28757,1692,2025-06-08 01:54:00,2026-06-30 23:44:00,2,60m|other,1.0,-130.99,-127.36,0.0588,True
WA2N,KIWI_3,12063830,12063830,0,2025-06-01 00:00:00,2026-06-30 23:58:00,12,630m|160m|80m|60m|40m|30m|20m|17m|15m|12m|10m|other,1.0,-143.34,-140.73,0.0,True
WA2TP,KA9Q_0,4610671,4610184,0,2026-03-19 12:16:00,2026-06-30 23:58:00,14,2200m|630m|160m|80m|60m|40m|30m|22m|20m|17m|15m|12m|10m|6m,0.9999,-118.66,-120.01,0.0,True
WA2TP,KA9Q_1,3300810,3300387,0,2026-03-19 20:24:00,2026-06-30 23:58:00,15,2200m|630m|160m|80m|60m|40m|30m|22m|20m|17m|15m|12m|10m|8m|6m,0.9999,-133.37,-134.86,0.0,True
WA2TP,KIWI_1,11128847,11127815,660875,2025-06-01 00:00:00,2026-06-30 23:58:00,12,630m|160m|80m|60m|40m|30m|20m|17m|15m|12m|10m|other,0.9999,-133.51,-132.05,0.0594,True
WA2TP,KIWI_2,8426639,8424765,760435,2025-06-01 00:00:00,2026-06-30 23:58:00,12,630m|160m|80m|60m|40m|30m|20m|17m|15m|12m|10m|other,0.9998,-135.61,-134.38,0.0902,True
WA2TP,KIWI_3,7526238,7525119,358781,2025-06-01 00:02:00,2026-06-30 23:58:00,13,630m|160m|80m|60m|40m|30m|22m|20m|17m|15m|12m|10m|other,0.9999,-137.47,-136.11,0.0477,True
WA2TP,KIWI_4,7340055,7336963,165104,2025-06-01 00:00:00,2026-06-30 23:58:00,13,2200m|630m|160m|80m|60m|40m|30m|20m|17m|15m|12m|10m|other,0.9996,-144.53,-142.85,0.0225,True
WA2TP,KIWI_5,7758478,7758044,137531,2025-06-01 00:00:00,2026-06-30 23:58:00,8,40m|30m|20m|17m|15m|12m|10m|other,0.9999,-138.61,-137.38,0.0177,True
WA2TP,KIWI_6,14210772,14209221,127071,2025-06-01 00:00:00,2026-06-30 23:58:00,8,40m|30m|20m|17m|15m|12m|10m|other,0.9999,-144.61,-143.34,0.0089,True
WA2TP,KIWI_7,7762938,7762334,210415,2025-06-01 00:00:00,2026-06-30 23:58:00,12,630m|160m|80m|60m|40m|30m|20m|17m|15m|12m|10m|other,0.9999,-137.03,-135.87,0.0271,True
WA2TP,KIWI_9,2392207,2392145,61725,2025-12-11 21:10:00,2026-02-23 02:12:00,2,10m|other,1.0,-133.67,-132.33,0.0258,True
WA2TP-DEV,KA9Q_0,1060309,1060270,0,2026-02-27 17:02:00,2026-03-19 20:32:00,14,2200m|630m|160m|80m|60m|40m|30m|22m|20m|17m|15m|12m|10m|6m,1.0,-118.74,-120.29,0.0,True
WA2TP-DEV,KA9Q_1,137493,137482,0,2026-03-15 03:06:00,2026-03-19 20:20:00,12,630m|160m|80m|60m|40m|30m|22m|20m|17m|15m|12m|10m,0.9999,-138.85,-140.12,0.0,True
WA2TP-DEV,KIWI_1,1082083,1082047,123306,2026-02-26 04:38:00,2026-03-19 21:18:00,11,630m|160m|80m|60m|40m|30m|20m|17m|15m|12m|10m,1.0,-132.1,-78.47,0.114,True
WA2TP-DEV,KIWI_2,1042389,1042356,103308,2026-02-26 04:22:00,2026-03-19 21:18:00,11,630m|160m|80m|60m|40m|30m|20m|17m|15m|12m|10m,1.0,-135.25,-81.28,0.0991,True
WA2TP-DEV,KIWI_3,964591,964557,19699,2026-02-26 04:38:00,2026-03-19 21:02:00,12,630m|160m|80m|60m|40m|30m|22m|20m|17m|15m|12m|10m,1.0,-135.37,-81.38,0.0204,True
WA2TP-DEV,KIWI_4,889500,889421,19975,2026-02-26 04:24:00,2026-03-19 21:18:00,11,2200m|630m|160m|80m|60m|40m|30m|20m|17m|15m|12m,0.9999,-143.97,-89.86,0.0225,True
WA2TP-DEV,KIWI_5,875283,875271,6056,2026-02-26 04:22:00,2026-03-19 21:18:00,7,40m|30m|20m|17m|15m|12m|10m,1.0,-138.21,-84.4,0.0069,True
WA2TP-DEV,KIWI_6,1002411,1002380,1632,2026-02-26 04:22:00,2026-03-19 21:18:00,7,40m|30m|20m|17m|15m|12m|10m,1.0,-144.52,-90.87,0.0016,True
WA2TP-DEV,KIWI_7,922137,922111,19736,2026-02-26 04:52:00,2026-03-19 21:18:00,11,630m|160m|80m|60m|40m|30m|20m|17m|15m|12m|10m,1.0,-136.87,-83.48,0.0214,True
WA2ZKD,K72,5,5,0,2025-06-03 23:56:00,2025-06-11 12:44:00,1,10m,1.0,-151.58,-151.0,0.0,True
WA2ZKD,K74,1558723,1558723,11922,2025-06-01 00:00:00,2026-02-23 02:12:00,12,630m|160m|80m|60m|40m|30m|20m|17m|15m|12m|10m|other,1.0,-138.76,-137.8,0.0076,True
WA2ZKD,K76,209794,209794,0,2025-06-01 00:00:00,2026-02-23 02:12:00,9,160m|80m|60m|40m|30m|20m|17m|10m|other,1.0,-140.32,-139.09,0.0,True
WA6OUR-K,KIWI_0,18229,18229,126,2025-10-23 16:24:00,2025-12-04 14:36:00,7,30m|20m|17m|15m|12m|10m|other,1.0,-147.78,-148.11,0.0069,True
WB6CXC/7,KA9Q_0,795059,795022,0,2026-03-28 22:38:00,2026-05-24 06:04:00,14,2200m|630m|160m|80m|60m|40m|30m|22m|20m|17m|15m|12m|10m|6m,1.0,-117.74,-119.7,0.0,True
WB7ABP,KA9Q_0,2086146,2085450,0,2026-02-09 21:04:00,2026-05-11 18:50:00,15,2200m|630m|160m|80m|60m|40m|30m|22m|20m|17m|15m|12m|10m|6m|other,0.9997,-130.31,-132.85,0.0,True
WB7ABP/K,WB7ABP,4845078,4844150,148123,2025-06-01 00:00:00,2026-02-09 21:42:00,12,2200m|630m|160m|80m|40m|30m|20m|17m|15m|12m|10m|other,0.9998,-138.08,-131.8,0.0306,True
WD4ELG,KIWI_1,4095160,4095160,418987,2025-06-01 00:00:00,2026-06-30 23:58:00,11,630m|160m|80m|40m|30m|20m|17m|15m|12m|10m|other,1.0,-145.91,-85.57,0.1023,True
WW0WWV/0,KA9Q_0,2603538,2602770,253519,2025-06-01 00:00:00,2026-03-08 13:42:00,14,630m|160m|80m|60m|40m|30m|22m|20m|17m|15m|12m|10m|6m|other,0.9997,-127.4,-73.04,0.0974,True
ZD7GB,KA9Q_0,1721445,1720946,231154,2025-06-01 00:00:00,2025-10-14 22:52:00,13,2200m|630m|80m|60m|40m|30m|22m|20m|17m|15m|12m|10m|6m,0.9997,-146.13,-66.39,0.1343,True
ZD8GB,KA9Q_0,133,133,0,2026-05-28 18:48:00,2026-06-30 19:58:00,4,20m|15m|12m|10m,1.0,-130.05,-132.07,0.0,True
ZL2005SWL,KA9Q_0,37033,37028,4444,2025-06-15 03:30:00,2026-02-25 21:00:00,6,40m|20m|10m|8m|6m|other,0.9999,-142.93,-97.58,0.12,True
ZL2005SWL,KIWI_0,3911857,3911173,18877,2025-06-01 00:00:00,2026-06-30 23:58:00,13,2200m|630m|160m|80m|60m|40m|30m|22m|20m|17m|15m|10m|other,0.9998,-147.45,-117.07,0.0048,True
ZL2005SWL,KIWI_1,88154,88107,520,2025-06-01 00:00:00,2026-06-30 23:58:00,3,12m|10m|other,0.9995,-144.61,-114.87,0.0059,True
